gsm,ssgsea_vi,meanz_vi,recurr,recurr_months
GSM362958,2377.3082034853396,1.0521060460640457,1.0,28.2
GSM362959,2229.9411135901237,0.786251785693449,1.0,9.5
GSM362960,2010.3624046707728,0.6391568306497144,0.0,66.1
GSM362964,1550.7072710770026,0.532307883638082,0.0,67.4
GSM362965,1694.4966637204343,0.5408299335858757,0.0,66.6
GSM362966,1909.9540713492934,0.600051231331437,0.0,66.1
GSM362970,1555.2972294440433,0.5337370070894889,0.0,67.3
GSM362971,-164.37594961158993,-0.6920496895014739,1.0,40.4
GSM362972,1165.921100442647,0.23577108262766333,0.0,66.0
GSM362976,452.2362762316743,-0.2443894525041672,1.0,51.1
GSM362977,1099.0401218001125,0.03291675215447777,0.0,66.3
GSM362978,1426.0915955540413,0.4269218119408238,1.0,28.8
GSM362982,2248.250764534315,1.1133597600133307,0.0,64.6
GSM362983,3098.2519707804404,1.69060644236982,0.0,64.2
GSM362984,461.50129901629043,-0.3009063034039695,0.0,51.4
GSM362986,2046.7075040809132,0.9394757334945951,0.0,64.5
GSM362987,1897.531899253755,0.6829932549758979,1.0,57.7
GSM362988,2194.5666107935067,0.8750456468214907,0.0,51.1
GSM362992,2063.136890637502,0.9340223752031966,0.0,64.3
GSM362993,2267.8616542186846,1.1106967978301903,1.0,3.8
GSM362994,1927.0950896145278,0.7447751206399114,1.0,54.8
GSM363008,752.6812294353667,-0.12456827113031427,1.0,23.6
GSM363009,2047.6023247567173,0.8650717369854135,0.0,58.9
GSM363010,992.909814260368,-0.17228471522853842,0.0,62.0
GSM363011,2488.6263532811927,1.3570959202676436,1.0,9.1
GSM363012,1017.1660115313398,0.10404170543498073,1.0,4.5
GSM363013,1737.005439171966,0.7794382363105943,1.0,7.7
GSM363014,1672.9116811812328,0.7277387803025197,1.0,32.7
GSM363015,1933.312643347399,0.8805892650748054,0.0,59.7
GSM363016,970.5102073599628,0.13921943156733133,0.0,2.0
GSM363017,1740.4062233667764,0.7150159387749023,1.0,8.4
GSM363029,844.1779023871122,0.1103069456272685,0.0,51.3
GSM363030,3005.437885577525,1.5827847331812075,1.0,4.5
GSM363031,1660.6200794950937,0.3949474608312005,1.0,20.8
GSM363032,2187.9352534797254,0.9030849159089904,0.0,24.9
GSM363033,2279.9658985802635,0.9397323873147803,1.0,36.0
GSM363034,1598.9386031997356,0.3438057907430852,1.0,45.9
GSM363035,601.254714766771,-0.2877698989506438,1.0,24.6
GSM363036,2018.932392998071,0.8768505286563836,1.0,4.6
GSM363037,2151.5451883430796,1.0253368020068707,0.0,61.2
GSM363038,2311.1983124008257,1.2102680427398589,1.0,5.8
GSM363039,1613.457218986001,0.6413737352499338,0.0,52.8
GSM363048,2543.1495031757186,1.323268020228867,1.0,20.3
GSM363049,1792.4404461631648,0.8295700148717529,0.0,62.4
GSM363050,2751.7659859343676,1.337226278763088,1.0,2.8
GSM363051,1749.1101716452067,0.08943783107251611,0.0,20.6
GSM363052,2672.8403315379473,1.1579242238731915,1.0,14.3
GSM363053,1468.6693498129498,0.49579526463150825,0.0,57.0
GSM363054,1169.379261048788,-0.039319227147953745,0.0,53.8
GSM363055,1664.603354975703,0.2856374918089979,0.0,7.3
GSM363056,2685.6057837364415,1.3525406373884343,1.0,19.2
GSM363057,1721.1717891679791,0.7293749405215946,1.0,22.8
GSM363069,2515.9815727072764,1.2884658161755507,1.0,1.7
GSM363070,3491.4873794960467,1.9009702771408061,0.0,57.0
GSM363071,2213.501314247961,1.1313839851053773,1.0,13.8
GSM363072,1280.6622033748472,0.34957389916077813,0.0,10.4
GSM363073,1834.7209501957923,0.012011607253883755,1.0,21.8
GSM363074,1179.399168159407,0.25435243841715993,0.0,57.7
GSM363075,1266.5446020446689,0.5449111878569703,1.0,18.0
GSM363076,1982.652759587153,0.05894238804949825,1.0,23.0
GSM363077,2331.6298039992407,1.1582150875404742,0.0,52.7
GSM363078,1689.2213153294751,0.5732188479060856,1.0,57.9
GSM363079,2778.544989781448,1.4866273347346617,1.0,5.2
GSM363080,2590.3457901355478,1.0703002968202493,1.0,2.3
GSM363081,2614.3510674593235,1.0583730723411269,1.0,0.1
GSM363082,1831.0135592356128,0.6375249111652967,0.0,57.0
GSM363083,2313.563934569641,1.1329095465412786,0.0,53.3
GSM363084,1320.4061093809196,0.44995283064292857,1.0,48.0
GSM363085,2942.9484670835263,1.5686175880764757,1.0,46.3
GSM363086,2311.336227959263,1.1454732153612814,0.0,60.5
GSM363087,1623.8502827848242,0.37152527098020616,1.0,18.5
GSM363098,1640.745975320836,0.1832526706100623,1.0,21.3
GSM363099,1095.9066624423594,-0.009966722653803634,1.0,30.9
GSM363100,3124.302043114698,1.7161465033726269,1.0,1.5
GSM363101,2207.3705884889578,1.1034711224840175,0.0,56.3
GSM363102,1691.2460717259382,0.6538239633664908,1.0,37.9
GSM363104,1090.904639016634,0.13793222806180253,1.0,29.9
GSM363105,2475.004734024048,1.1144804317465975,1.0,9.5
GSM363106,2593.4935230570054,1.2144643432441034,1.0,14.6
GSM363107,1618.4086073339276,0.5817241232686028,1.0,7.0
GSM363108,766.9752976271093,-0.005082184283004651,0.0,48.8
GSM363109,2148.217186700427,0.9449269929661235,0.0,55.2
GSM363115,1128.3904606904634,0.26889584290628626,0.0,66.6
GSM363121,1753.739529743094,0.2807644944548459,0.0,51.2
GSM363122,1143.8936309465807,-0.034946410877336576,0.0,55.4
GSM363123,2051.730815712419,0.9490742421365688,0.0,42.7
GSM363124,754.2128314920583,-0.004438587883477205,0.0,53.5
GSM363125,1559.4001824712032,0.6285244747284635,1.0,16.5
GSM363126,2194.9849493026622,0.8600975098375371,1.0,59.5
GSM363127,3103.4590314178176,1.766811959023617,1.0,14.6
GSM363128,2333.5148273454306,1.073369494117446,1.0,10.0
GSM363129,3312.22522602359,1.913642359242348,1.0,3.2
GSM363130,2014.6480570176673,0.8691136269413711,0.0,61.8
GSM363142,2019.9363981105435,0.5882174866462199,1.0,46.1
GSM363143,1047.2093621215809,-0.07023040052418433,1.0,32.6
GSM363144,1704.6944036635205,0.666820330461805,0.0,51.1
GSM363145,2405.950146449485,0.936609607066831,1.0,26.4
GSM363146,1852.490755018035,0.6396604386215312,0.0,54.9
GSM363147,3054.14607871897,1.5599360729751182,1.0,28.7
GSM363148,1841.580001012163,0.6389013706525838,1.0,11.8
GSM363149,1915.590778668855,0.7705057002941436,0.0,14.4
GSM363150,3349.062131509021,1.7247594577446035,1.0,3.3
GSM363151,2735.6925862956305,1.3875446371927416,0.0,67.1
GSM363152,2643.8185113165164,1.3658098151061542,1.0,8.3
GSM363164,2220.9420889433213,0.9726992686570168,0.0,55.2
GSM363166,2617.9727027386925,1.394095988233694,0.0,53.8
GSM363168,2136.963052071387,0.9290873395333691,0.0,53.8
GSM363169,2059.2776192445863,0.9429949823453457,0.0,39.4
GSM363170,1797.040222308634,0.918717984694313,0.0,53.3
GSM363172,2364.377891517129,1.2499747071723313,1.0,6.7
GSM363174,2084.247899081526,1.0637560947953828,0.0,67.1
GSM363176,233.594366965267,-0.36485588312596084,0.0,50.7
GSM363178,1657.2210954729335,0.670024568653532,1.0,41.6
GSM363180,1809.6283461833455,0.7626031461191245,1.0,3.2
GSM363182,2579.266382082774,1.4155465761193629,0.0,52.7
GSM363184,2886.292117285974,1.4484245095055326,0.0,16.3
GSM363186,-139.66336686280465,-0.6175969070058203,1.0,7.6
GSM363188,735.6946443253746,0.033912382111141046,1.0,46.3
GSM363190,2202.612005539214,1.0961394780009535,1.0,2.7
GSM363192,2538.7726829290987,1.4003659327971212,0.0,52.2
GSM363194,2931.6101862743963,1.6900504381920878,0.0,4.5
GSM363196,840.7740857677718,0.037079515941203435,1.0,51.1
GSM363198,2701.698328091573,1.3972975016708578,0.0,57.9
GSM363200,992.6861275193278,0.13469935761069637,1.0,23.9
GSM363202,1635.5624846423898,0.7398913344173677,1.0,6.7
GSM363204,2398.4353866030306,1.3189247477731438,1.0,8.4
GSM363205,1359.8553052901689,0.38526503805982426,0.0,58.0
GSM363207,2187.7181847014363,1.1383013666413446,1.0,53.3
GSM363209,1651.8907312905603,0.6910926524916693,0.0,60.8
GSM363211,3096.3373454421544,1.777179331047836,1.0,8.9
GSM363213,2202.2215466445277,1.0204021308324256,1.0,2.9
GSM363215,1872.7177886328682,0.9227850363880796,0.0,18.6
GSM363217,2386.364934528,1.026002829992758,0.0,54.5
GSM363218,3154.516360215506,1.747126710632372,1.0,3.9
GSM363220,1389.4753779455414,0.4891134661351558,1.0,29.9
GSM363222,3269.625300889452,1.7149270399928982,1.0,49.1
GSM363224,2013.3135915710036,1.0457639609551128,1.0,13.1
GSM363226,1642.7750635764478,0.6980004261632343,1.0,19.4
GSM363230,2445.3000083955903,1.2683123803491911,0.0,4.8
GSM363232,1787.2350924068733,0.7979536962205481,1.0,30.7
GSM363235,2430.0948866516346,1.3202581235977207,0.0,32.8
GSM363237,2356.3865338580727,1.1462066280527412,1.0,4.7
GSM363239,2297.2943051873644,1.1606955040730629,1.0,6.8
GSM363241,1550.6547836165764,0.5415453645490083,0.0,54.2
GSM363243,-42.9849333448019,-0.581854097381286,0.0,55.8
GSM363245,2361.74268917449,1.2800937084800834,0.0,57.5
GSM363247,1872.2675255318318,0.860999410111835,0.0,52.9
GSM363249,3239.8564235337853,1.7761090931239627,0.0,59.2
GSM363251,1970.6605975647299,0.9972830039178746,1.0,19.6
GSM363263,2657.6281358366805,1.2927911737455506,1.0,3.0
GSM363264,1613.3457650456203,0.5314422584799194,1.0,17.8
GSM363265,1430.4291770085047,0.5439497567355545,0.0,65.1
GSM363266,2033.6275264264368,0.7908568029366592,1.0,1.5
GSM363267,1248.1987176478206,0.24867934182282403,1.0,13.4
GSM363268,2517.2135637157135,1.285105564561924,0.0,56.0
GSM363269,1782.8435181826653,0.7117795553431246,1.0,12.4
GSM363270,1931.5726919726158,0.9429570484798239,1.0,21.3
GSM363271,2205.3263312282934,0.8832055781169521,0.0,28.7
GSM363272,850.7561310493538,0.04764457042871237,0.0,56.3
GSM363273,502.2009027952972,-0.2223402081886361,0.0,58.0
GSM363274,3022.775330694727,1.6446200631108785,1.0,26.9
GSM363275,-144.44728859337374,-0.7524401805977928,0.0,59.8
GSM363288,989.3603481588925,0.13790995628569813,1.0,35.2
GSM363289,1918.973014683229,0.8218767402656126,0.0,54.2
GSM363290,1671.9844907745073,0.5580929626937547,0.0,54.7
GSM363291,1047.6248350992,0.101075129081754,1.0,43.2
GSM363292,2355.061184212048,1.1840508335634035,0.0,59.9
GSM363293,933.3896633184877,0.16056068196680737,1.0,27.9
GSM363294,1448.7813962722184,0.5806470141691731,0.0,62.6
GSM363295,988.4572522686931,0.11289294533441242,0.0,54.9
GSM363296,2813.9593156433366,1.541678948911251,1.0,27.5
GSM363297,1836.038349878143,0.8382381455203827,0.0,3.0
GSM363298,1965.3875843187898,0.8020886485450234,1.0,40.1
GSM363309,2311.9547087926503,1.213959496950782,1.0,53.0
GSM363310,2014.891059687916,0.8146374306464845,1.0,23.5
GSM363311,2038.9015787102226,0.9217067827386376,0.0,19.0
GSM363312,1243.8277424389053,0.1836539466942631,0.0,55.3
GSM363313,1529.162067060949,0.3797400982027256,1.0,36.6
GSM363314,1051.334801709817,0.08953591015746441,0.0,57.1
GSM363315,1866.3222084260215,0.7200704691571417,0.0,65.4
GSM363316,2732.27621580128,1.3533507874497817,0.0,54.7
GSM363317,2672.883967229589,1.332938442233718,1.0,8.0
GSM363326,1643.563001496087,0.6654080552732797,0.0,37.2
GSM363327,1219.6025879397303,0.28644019442596774,0.0,60.1
GSM363328,2369.3022174476964,1.227068987225489,1.0,12.0
GSM363329,2317.4351642141573,1.0731773422715614,0.0,53.2
GSM363330,3032.3841287859323,1.373824172352748,1.0,12.6
GSM363331,2148.188827774472,0.9066034936022033,1.0,28.4
GSM363332,2999.7942885843704,1.6478442514066898,1.0,2.5
GSM363333,1985.0869669696121,0.9164437555410018,1.0,13.5
GSM363335,-30.821062024585444,-0.5828151164102446,0.0,59.4
GSM363336,1301.4132899429387,0.47688099235025017,1.0,8.0
GSM363337,2402.740366726205,1.1525913758104709,0.0,65.5
GSM363339,2150.3078997324283,1.0601765910230994,0.0,65.4
GSM363341,2504.4242573925485,1.2918242310071173,0.0,65.4
GSM363343,1535.5682807804487,0.5525820156755494,0.0,65.1
GSM363344,1866.9821320719157,0.8116446436350858,0.0,38.7
GSM363346,2276.118813641847,1.1303078706284224,1.0,7.3
GSM363348,2818.235430037472,1.3971612104051339,1.0,4.2
GSM363350,3419.737076596639,2.0162889152331998,0.0,62.9
GSM363352,1039.787509846332,0.15963556081484628,1.0,5.1
GSM363354,3631.870192212875,2.154936677108334,1.0,10.4
GSM363355,2305.4238365196597,1.159824062084541,1.0,6.2
GSM363357,3070.2809256717346,1.5768462996880293,1.0,8.8
GSM363358,1963.467382452276,0.7451800852553306,1.0,9.4
GSM363360,2229.679962305363,1.0867598446519464,0.0,53.3
GSM363362,2214.5146941086223,1.1077559935421508,1.0,5.8
GSM363364,480.3805762956172,-0.2106546903901143,1.0,10.2
GSM363366,1284.6981271768182,0.4029041805671402,0.0,52.3
GSM363368,1505.7816873358033,0.6118666986609116,1.0,11.0
GSM363371,1286.4189233986835,0.2773003432194773,0.0,66.3
GSM363376,1632.0896723415563,0.5201520009321094,0.0,61.5
GSM363378,1737.905393240936,0.39234001941144797,1.0,13.3
GSM363384,2474.8776184253193,1.1655160781065255,1.0,51.6
GSM363386,2288.8828773883524,1.0410974510282398,1.0,1.9
GSM363388,716.741317138998,-0.31749704553539404,1.0,11.6
GSM363391,1766.6398216606267,0.8069550894233746,1.0,21.5
GSM363393,243.65041676604778,-0.4489243873294767,1.0,4.0
GSM363400,2388.757754780252,1.1898611200422113,1.0,19.1
GSM363404,1725.0513658403088,0.5573741924510909,1.0,12.0
GSM712542,2517.436598435552,0.839160269695463,1.0,4.4
GSM362947,2214.8805097874847,1.111094302378308,1.0,50.0
GSM362948,2273.618877792377,1.1582706319277876,1.0,8.8
GSM362949,1451.7955196420335,0.5274942499092748,1.0,18.2
GSM362950,1661.6404623352846,0.658882242138072,1.0,30.1
GSM362952,1703.655805134721,0.5123361313201065,0.0,54.3
GSM362954,1986.129001009862,0.7034205392814405,1.0,1.4
GSM362956,3539.505782328567,2.050302043632745,1.0,13.3
GSM363420,2855.4423264774614,1.3653616560641582,1.0,0.2
GSM363422,1981.1202596791472,0.7462622916155189,0.0,51.6
GSM363424,1265.7867723281825,0.19202780708587464,0.0,63.8
GSM363426,2252.521192808902,1.049638352990732,1.0,1.8
GSM363428,2443.166351197934,1.0348091196122393,1.0,3.8
GSM363430,3033.4093956002243,1.4940451779979274,1.0,3.7
GSM363432,1695.514659247543,0.68877917603383,1.0,29.1
GSM363436,2903.8424366816553,1.2663385024552634,1.0,0.8
GSM363438,1280.0263411099422,0.13140366103053464,0.0,56.6
GSM363440,2320.8490837059953,0.9361138471855852,1.0,20.0
GSM363442,3178.845034184741,1.6249669883941875,1.0,1.3
GSM363444,969.4598681537154,-0.1184036823006191,1.0,5.3
GSM363446,2733.3633187969417,1.1590121861500884,0.0,52.1
GSM363448,1286.902209400061,-0.14987861811634443,0.0,51.7
