patient_id,subtype,ssgsea_vi,CD8_T,CD4_T,LAG3,HAVCR2,TIGIT,CD8A
TCGA-2V-A95S,High VI,803.4017113804184,558.6604847581011,394.12698661637046,1019.7101,774.0674,497.1494,1702.5574
TCGA-2Y-A9GT,Low VI,125.31124226341603,209.59129000863766,376.50867264873636,463.5732,198.1618,260.0314,936.113
TCGA-2Y-A9H2,High VI,804.1746307699838,-383.26956116776,20.152455545774842,64.109,248.3594,33.8213,115.5982
TCGA-2Y-A9H3,High VI,568.791943218144,122.25255886598404,292.9360468868815,382.134,305.2109,120.3474,313.8958
TCGA-2Y-A9H4,Intermediate VI,573.0211996932594,-102.98028644385363,78.93540198648975,114.2309,104.6316,13.4389,82.5534
TCGA-2Y-A9H5,Low VI,728.8748106148815,-401.0762695631463,86.45842673281913,43.0712,91.1361,30.5868,88.015
TCGA-2Y-A9H7,High VI,817.487408484786,-353.7015240535577,252.77135843800068,32.0183,66.8954,3.4305,40.0229
TCGA-2Y-A9HB,Low VI,433.484749579385,42.59615999271023,238.60650501643056,122.4063,168.9804,74.638,396.4771
TCGA-4R-AA8I,Low VI,539.8313194691722,-395.1187508813864,-136.09487564332312,41.2088,141.4835,14.4231,43.2692
TCGA-5C-A9VG,High VI,905.4798043251964,-515.7610130396539,90.21269418830059,13.2159,82.0485,3.304,22.0264
TCGA-5C-A9VH,Low VI,795.0901430317102,-386.7895268987129,-60.14457377872134,23.4645,49.6894,8.2816,50.3796
TCGA-5C-AAPD,Low VI,727.7515463372446,38.58289427234638,234.73632746920464,571.8654,576.4526,129.2049,450.3058
TCGA-5R-AA1C,Intermediate VI,678.3931552397472,-119.73921299820631,-108.09388895288248,24.1743,94.395,12.6627,126.6275
TCGA-5R-AA1D,Low VI,208.6785656955992,-320.7605572602191,274.88231974569374,32.481,257.0836,40.774,131.9972
TCGA-5R-AAAM,Low VI,186.82988713183943,-284.14528846696714,210.63581441626275,39.5738,279.2998,13.6986,161.3394
TCGA-BC-A10Q,High VI,994.3340216389532,-317.68258986864873,21.168694581673662,17.9731,326.7424,15.208,61.7539
TCGA-BC-A10R,Low VI,598.095733600771,-571.0644740409648,-77.47360611662384,9.2883,95.6154,3.8246,19.1231
TCGA-BC-A10S,Low VI,407.8742528870082,-146.59237082905884,166.51462023590932,50.0854,260.1024,18.782,107.0006
TCGA-BC-A10T,Low VI,466.7386905211857,-342.009749742817,127.96599838816337,52.2353,114.3529,16.0,100.2353
TCGA-BC-A10X,Low VI,15.791063842830908,-319.4088245212712,122.7917778793335,71.1257,226.508,30.0916,160.8535
TCGA-BC-A10Y,Intermediate VI,662.8517039229108,-141.90678138699116,79.96023140975285,77.9345,109.9689,42.0751,161.6065
TCGA-BC-A10Z,Intermediate VI,791.5721134146473,-551.5104499438914,-147.63962431397738,10.784,56.5081,3.8822,5.1763
TCGA-BC-A110,Low VI,40.44390384575888,-241.968687301871,235.54450600143048,82.6667,500.0,18.6667,241.3333
TCGA-BC-A112,High VI,973.6823659061952,-531.6465951106425,-57.875303662977785,18.7366,246.2527,5.8887,25.6959
TCGA-BC-A216,Low VI,746.7473769629521,372.6162635340487,198.69641796504175,560.8762,307.1829,287.3153,1256.2404
TCGA-BC-A217,Intermediate VI,812.6680238578136,-163.1783158286712,80.70552382870608,71.9011,108.351,55.4238,104.3565
TCGA-BC-A3KF,Intermediate VI,679.1816356278396,-397.9731827566227,42.95965041219836,47.4045,45.8374,7.4437,32.1254
TCGA-BC-A3KG,Intermediate VI,967.4822926863872,-337.2887345977541,-53.399228904622305,24.8224,75.2552,18.9123,49.2508
TCGA-BC-A5W4,Intermediate VI,809.9867766852076,-458.5909839662454,-374.6781301125485,24.0421,63.0069,0.829,5.8033
TCGA-BC-A69H,High VI,1148.6224598157903,-247.2176587170327,133.88876046509415,121.1679,300.7299,33.5766,50.365
TCGA-BC-A69I,Intermediate VI,429.50357848558406,-225.34207127465254,-78.83034036037463,58.3886,72.7962,8.3412,70.5213
TCGA-BD-A2L6,Intermediate VI,582.1746850309908,-193.81258052358555,-18.98483786792565,35.7143,52.551,13.2653,101.5306
TCGA-BD-A3EP,Low VI,537.2916401008963,-203.1364990097087,339.6949587589278,53.3053,265.825,108.7147,206.9086
TCGA-BD-A3ER,Low VI,486.490253949361,-516.2377823241322,-34.19955758261358,25.9307,233.3766,22.9672,38.5257
TCGA-BW-A5NO,Intermediate VI,680.8873937601518,-223.70330781093787,115.44802637692737,52.5264,150.7279,29.6888,89.0665
TCGA-BW-A5NP,High VI,1105.6082601311969,-281.3952180221236,-154.58527205820053,15.6174,30.2587,15.1293,47.8282
TCGA-BW-A5NQ,High VI,897.0852881401017,279.43990805374904,268.74539754728016,377.176,319.6325,317.6983,918.7621
TCGA-CC-5258,High VI,950.264257503708,-326.6964398014769,156.35283556949287,54.7358,164.2075,61.3993,77.1061
TCGA-CC-5260,High VI,894.4508644539175,-218.3307624663962,146.01601154725267,51.5479,535.0318,25.4777,200.2666
TCGA-CC-5261,High VI,741.2983919116509,-311.62266454538235,345.81338081017964,39.0679,132.2824,63.7423,176.148
TCGA-CC-5263,High VI,1068.2125359595782,-492.3194382674451,13.280774844034568,45.6814,256.4299,29.5585,54.5106
TCGA-CC-5264,High VI,1036.7796506589743,-320.6221739616201,-48.11382879123937,58.9209,131.4134,45.3492,72.1615
TCGA-CC-A123,High VI,951.9051402477868,-311.9522042901042,-19.16990568598237,57.9839,102.587,16.0571,18.7333
TCGA-DD-A113,High VI,833.7387474499792,-238.1157144007127,23.120677047967774,42.381,142.381,67.1429,188.0952
TCGA-DD-A114,Low VI,687.860047026181,51.51230871720031,363.3532997343226,204.8116,546.4056,161.3887,711.4128
TCGA-DD-A115,Low VI,533.2665526808103,-260.0459706100289,64.82502421145307,136.3636,94.8276,15.674,91.6928
TCGA-DD-A118,High VI,776.7343434337175,-402.75973659205,-41.34163419428273,19.9237,106.401,5.0869,51.2929
TCGA-DD-A119,Intermediate VI,707.5794736398464,-329.5505929164965,-43.17340908090853,16.1432,152.3074,9.1244,47.7277
TCGA-DD-A11A,Intermediate VI,727.5008591873315,-408.3426656651883,35.68567878347062,17.7525,38.6378,4.6992,16.7082
TCGA-DD-A11B,Intermediate VI,527.4249093116788,-457.96296479698856,-13.069922929730978,77.9902,31.1961,2.7854,23.3971
TCGA-DD-A11C,Low VI,534.4484722862431,-326.23278257963204,165.90913996997392,32.2008,125.4883,17.0475,35.5156
TCGA-DD-A11D,Intermediate VI,477.54609466430304,-385.4827429528285,-51.02565425931016,10.101,40.404,7.8563,15.7127
TCGA-DD-A1EA,Intermediate VI,600.2681681586807,-52.562122746469186,73.66861614144034,77.9295,120.5916,77.9295,326.5074
TCGA-DD-A1EB,Intermediate VI,423.9755586649835,-150.89610404748873,-62.949660680240186,52.9348,42.9706,24.2877,136.3849
TCGA-DD-A1EC,High VI,494.6756508639416,579.0469038492597,540.7812171426449,898.1964,590.7816,354.3086,1227.6553
TCGA-DD-A1ED,Low VI,134.00586567380026,-175.51497868842694,148.7048531396224,43.2977,164.8873,26.6904,287.07
TCGA-DD-A1EE,Intermediate VI,782.4807674035555,-556.5229797474656,-229.80870317275708,808.8862,75.7711,7.5374,4.7605
TCGA-DD-A1EF,High VI,874.901980155119,-164.07197975757424,256.11544595646865,59.0682,137.2712,108.985,175.5408
TCGA-DD-A1EG,Low VI,748.0757761599735,-164.5037906201626,241.09415827664088,87.3558,339.4962,86.8594,182.6529
TCGA-DD-A1EI,Low VI,672.903042554478,-461.27578616800713,103.65152146565629,24.8068,144.3676,22.3668,61.4071
TCGA-DD-A1EJ,High VI,968.6831883562054,-365.243299455773,-25.1089488259031,29.2707,236.442,10.4074,48.4592
TCGA-DD-A1EK,Intermediate VI,567.1702808561341,-319.7426567790643,29.250506981512217,61.0879,419.2469,12.5523,35.1464
TCGA-DD-A1EL,High VI,1049.6152754736577,-388.239390259232,-15.799762196891947,15.0171,107.8498,11.9454,20.1365
TCGA-DD-A39V,Intermediate VI,755.2753841233102,250.0395549853415,131.3004875639075,825.053,291.029,133.7415,469.9788
TCGA-DD-A39W,Intermediate VI,717.544915071787,-290.4127803646503,-58.67989341444559,19.6809,48.9041,18.4881,20.2773
TCGA-DD-A39X,Low VI,753.6087868571022,-310.30128168659587,-21.234946289576897,32.0665,109.8575,8.9074,54.6318
TCGA-DD-A39Y,High VI,1132.7646903826785,-362.7600625519764,-54.591443116879645,35.6665,95.8538,12.9291,26.3041
TCGA-DD-A39Z,Intermediate VI,913.600533644214,-180.63590688653403,-183.27484433774725,17.8094,16.919,3.5619,33.8379
TCGA-DD-A3A2,Low VI,296.58087697954534,-303.9512493224129,81.31936038407605,65.9554,68.2832,10.0873,34.1416
TCGA-DD-A3A4,Intermediate VI,572.2340955656424,-537.0687258610873,-102.87065344996313,12.591,50.364,0.0,2.3608
TCGA-DD-A3A5,Intermediate VI,539.8248931877393,-150.66481629296163,126.2892891349411,49.8547,33.4845,8.9292,107.1504
TCGA-DD-A3A6,High VI,486.7332551662431,86.1263742136714,273.29531794648346,75.7042,135.5634,79.2254,102.1127
TCGA-DD-A3A7,Intermediate VI,1006.47963951592,-181.56122181014507,-110.65400734035336,53.203,53.203,14.1151,41.2595
TCGA-DD-A3A8,Intermediate VI,583.9892441412303,-335.3192222009412,-312.38880181216257,10.0071,25.0179,4.2888,15.7255
TCGA-DD-A3A9,High VI,817.9120389390064,-117.03165686353316,98.74868673583705,99.1053,85.3407,22.0234,123.8816
TCGA-DD-A4NB,Low VI,301.78917302845866,-81.55890859521867,329.59142087703094,64.1677,303.6849,19.695,331.6391
TCGA-DD-A4ND,Low VI,375.0044553600195,-124.7027632149418,285.0028903073613,189.6232,345.2749,120.4447,440.3953
TCGA-DD-A4NE,Intermediate VI,703.8244767525664,-569.0812726762786,-173.27317662467624,40.6504,33.101,3.4843,5.2265
TCGA-DD-A4NF,Intermediate VI,591.0727227837677,-421.8345121148242,-230.33977502950847,3.4965,29.1375,0.5828,28.5548
TCGA-DD-A4NG,Intermediate VI,797.5392096225698,-315.3695065129074,64.32344356000499,14.2119,83.3333,45.2196,76.2274
TCGA-DD-A4NI,Low VI,190.79011321169548,-54.002518665709545,288.3408476563551,121.4115,164.4737,150.7177,381.5789
TCGA-DD-A4NJ,Low VI,737.7276555814328,-462.63223612823845,221.75056809170462,20.6282,261.819,36.496,54.744
TCGA-DD-A4NK,Intermediate VI,397.9353832456754,-347.11539430312246,-113.21558590515008,33.6737,53.0181,4.2988,22.2103
TCGA-DD-A4NL,Low VI,176.10445849636767,-358.4897521414256,48.08612801459776,38.7755,92.8571,17.3469,63.2653
TCGA-DD-A4NN,High VI,1100.4922646697623,-503.93249625864996,-230.61142729155995,62.1939,51.4202,0.9794,18.1195
TCGA-DD-A4NO,Intermediate VI,650.3024087998156,-378.1789433287995,-78.58805618218344,20.073,69.9513,5.4745,43.7956
TCGA-DD-A4NP,Intermediate VI,342.32735181437295,-384.04259848771835,-67.22052274093937,23.3236,49.8277,1.0602,32.8651
TCGA-DD-A4NR,High VI,634.4227096741087,351.227601835025,454.51906141278073,606.3887,910.1245,301.5701,1193.8278
TCGA-DD-A4NS,Low VI,157.20685261231802,-73.67143516852559,276.3866059648043,73.3092,181.7243,85.6995,521.4249
TCGA-DD-A4NV,Low VI,289.228104219546,-372.74227386757445,88.78111099172975,37.216,86.9986,15.9497,69.1155
TCGA-DD-A73A,Intermediate VI,485.1247943743604,-53.71472214672599,237.22881368310937,56.67,185.4654,12.0209,227.5386
TCGA-DD-A73B,Intermediate VI,729.1996604246422,-380.2853590526738,-7.5329542963308995,45.9647,41.6889,1.0689,16.5687
TCGA-DD-A73C,Low VI,312.6545269807572,-137.51468938813866,90.56719768777464,33.6336,102.1021,25.2252,185.5856
TCGA-DD-A73D,Intermediate VI,839.4856388105787,-397.1766329177035,-375.29468685999143,6.708,25.0027,3.6589,5.4884
TCGA-DD-A73E,Intermediate VI,754.0929594741864,-438.8604691955244,-383.7600393106078,3.3426,13.3705,0.5571,3.8997
TCGA-DD-A73F,Low VI,406.4874292075593,354.05965534381744,395.5464755175158,299.8765,317.5163,194.6911,1002.2017
TCGA-DD-A73G,High VI,866.5620191581525,-284.50916109563263,149.3656985852499,146.4226,200.4992,20.7987,25.7903
TCGA-DD-AA3A,High VI,1110.3062037837467,-465.1882500417903,-217.89626919016325,16.2127,94.0337,6.4851,33.7224
TCGA-DD-AAC8,High VI,991.9813320456714,-322.89488028929907,-57.49517796553539,19.9548,108.3258,13.6833,21.095
TCGA-DD-AAC9,Low VI,421.7112582750282,-219.3345394388731,160.6057874863891,38.1837,220.8462,42.3117,95.9752
TCGA-DD-AACA,Intermediate VI,893.7158054600069,-314.2593049014238,-52.10950705384039,18.63955,24.53345,7.2739,45.9216
TCGA-DD-AACB,High VI,862.081729309323,377.984201486379,244.8465843181234,621.1672,254.2038,155.2918,883.2839
TCGA-DD-AACC,Low VI,327.43414693155285,650.8538038227417,455.93005147252313,1469.6545,1042.0168,511.6713,2753.5014
TCGA-DD-AACD,Intermediate VI,615.3582719658001,-206.70542483958673,80.1737623589571,55.9966,230.2081,16.5916,61.1814
TCGA-DD-AACE,Intermediate VI,619.2104045127587,-324.82920708135623,-182.32068841698208,36.036,38.493,10.647,61.4251
TCGA-DD-AACF,Intermediate VI,741.0557167628147,-234.39149902908275,-60.15330892899624,43.1423,180.9401,12.8783,57.3084
TCGA-DD-AACG,Intermediate VI,940.3795498633198,-141.73690312609108,12.444194099875403,47.8049,242.9268,13.6585,58.5366
TCGA-DD-AACH,High VI,1016.6779844803063,-379.6234602345778,-110.36156773558002,24.9733,213.0076,19.4645,22.4025
TCGA-DD-AACI,High VI,704.9083940333871,435.3283297266677,279.898274825645,902.2758,485.9438,160.6426,765.7296
TCGA-DD-AACJ,Intermediate VI,876.2948435856084,-359.01223671967034,-197.83486231874974,17.3974,68.1791,0.9404,13.6358
TCGA-DD-AACK,Intermediate VI,628.5388773565393,-429.6117249538577,-31.624623184117013,32.9121,86.6245,16.851,36.8615
TCGA-DD-AACL,High VI,922.6581416776598,9.176952078402905,259.3218885629908,401.105,604.4199,96.1326,334.8066
TCGA-DD-AACN,Low VI,633.0754331460471,-283.0822266140358,105.56775982618979,48.6647,110.3858,32.6409,156.6766
TCGA-DD-AACO,Intermediate VI,633.2180035652389,-129.8460368727607,154.80993417662944,123.0053,141.3252,9.16,51.0341
TCGA-DD-AACP,High VI,1162.6006786111714,-63.56156433365311,-71.99735213673455,152.2634,35.6653,32.9218,71.3306
TCGA-DD-AACQ,Intermediate VI,824.0717898834102,-324.4237877692816,-335.09857750288006,82.9149,33.99,2.06,16.48
TCGA-DD-AACS,Intermediate VI,880.6864662184996,-430.4977987076178,-309.73340521481487,23.0238,29.1635,3.0698,16.1167
TCGA-DD-AACT,Low VI,551.6148903161438,-55.16745525832471,90.14561068189596,62.5122,137.7819,31.894,188.8122
TCGA-DD-AACU,Low VI,709.2208310036258,-290.00882160358356,62.209193782709576,41.4986,109.5101,18.4438,108.9337
TCGA-DD-AACV,Intermediate VI,739.6042532495144,-483.48066454510786,-38.53750993642575,63.8002,30.3051,7.1775,16.7475
TCGA-DD-AACW,Intermediate VI,845.9687813444249,-314.13053634256835,25.279667869058017,150.0463,48.9558,21.6168,38.1474
TCGA-DD-AACX,Intermediate VI,859.0970879282514,-268.0308252695605,-160.56999163517014,24.9795,59.2537,9.8756,60.4155
TCGA-DD-AACY,Intermediate VI,653.4698996316357,-179.06559019497934,-31.99192587324535,30.5288,79.2295,9.4494,122.8421
TCGA-DD-AAD0,Intermediate VI,841.1336190039278,-297.0187825237251,-160.8924679527787,91.3447,54.1086,2.9091,17.4544
TCGA-DD-AAD1,Low VI,496.99226294495736,-64.58449533438807,478.33787720107205,54.4994,178.7072,107.0976,444.8669
TCGA-DD-AAD2,Low VI,551.577317807835,-289.33301999544324,199.5527360301328,54.6296,268.5185,24.0741,113.8889
TCGA-DD-AAD3,Low VI,469.5604942971637,-314.0196246214068,248.54241130159267,31.5706,159.7474,21.468,145.8564
TCGA-DD-AAD5,High VI,1054.898255048628,-406.29659997351075,8.37586714329791,74.376,267.4478,5.0942,31.5843
TCGA-DD-AAD6,Intermediate VI,924.7815548503488,-462.84041836046686,-79.34644605436506,16.3945,87.4374,4.0986,15.0283
TCGA-DD-AAD8,Intermediate VI,677.161047694513,-302.79227725815383,59.62490807107474,107.5725,131.163,8.4926,85.8693
TCGA-DD-AADB,High VI,942.9861524330712,157.2091515382201,276.38712053603945,389.4329,212.275,232.7163,666.7007
TCGA-DD-AADD,Intermediate VI,1004.0440312713922,-102.97538566789206,-37.57365090539702,74.7826,84.058,35.942,157.1014
TCGA-DD-AADF,Intermediate VI,766.229551626026,71.2230734632019,141.0926590864177,257.295,84.345,50.2662,253.8871
TCGA-DD-AADG,Intermediate VI,579.3224063988621,-314.9053355062824,-194.95517421893396,18.2288,16.4059,6.6839,34.6347
TCGA-DD-AADI,High VI,697.5939784028878,119.51799351551142,329.66118648522183,102.3222,169.0856,39.9129,309.1437
TCGA-DD-AADJ,Intermediate VI,747.4729525998827,-283.52702307885613,104.73115733241082,33.463,84.1971,9.7151,36.7013
TCGA-DD-AADK,Low VI,698.784151445622,-352.86089502458003,104.2735600685694,44.5173,117.6195,49.672,78.2568
TCGA-DD-AADL,Intermediate VI,752.5705990265855,-387.7482414635981,-210.9157487716751,13.9991,63.9291,6.0663,31.7312
TCGA-DD-AADM,Intermediate VI,751.0286568947032,-282.44023614102105,-54.43393308536781,26.9278,126.1762,14.618,37.699
TCGA-DD-AADN,High VI,895.2498808039487,600.3477903955088,341.8127872510254,2444.4444,712.963,225.3086,947.5309
TCGA-DD-AADO,High VI,913.7597456043892,323.51429419485964,268.31248551298313,709.364,333.0389,221.7314,426.6784
TCGA-DD-AADP,Low VI,727.5315895239372,-349.6226965952055,228.9051179588588,24.3243,100.6757,25.6757,47.973
TCGA-DD-AADQ,Intermediate VI,731.2879722167032,-61.209378711980435,-91.762424026943,64.8543,71.2597,49.6416,147.3235
TCGA-DD-AADR,Intermediate VI,669.1208215646033,-178.22891416303946,104.62808579166551,48.5934,92.0716,15.3453,109.9744
TCGA-DD-AADS,Intermediate VI,408.5293445344225,214.84011531884983,136.11177694741832,597.9112,300.2611,109.6606,221.9321
TCGA-DD-AADU,Intermediate VI,725.8743771474958,-386.11641692301043,-172.21619959713405,45.1128,68.996,9.7302,11.4993
TCGA-DD-AADV,Low VI,595.4829135967178,-389.0359906511063,29.50898551285627,35.6871,114.0246,12.1858,69.6333
TCGA-DD-AADW,High VI,961.4137820294026,-470.34464479876874,-105.83070474044621,12.1331,74.7554,9.3933,44.227
TCGA-DD-AADY,Intermediate VI,785.8035488732627,-389.31780897375745,-113.1098006183189,7.3891,26.7854,5.5418,15.7018
TCGA-DD-AAE0,High VI,1162.7354719434582,-322.2025157295128,-37.353639748480646,57.2172,83.225,15.6047,66.3199
TCGA-DD-AAE1,Intermediate VI,882.520591064475,-312.7436789866857,51.71951202724574,46.5567,46.5567,17.4588,28.128
TCGA-DD-AAE2,Low VI,304.6053273806688,-26.192109636398982,95.97783501952358,150.4617,191.2004,102.6616,398.1532
TCGA-DD-AAE3,Intermediate VI,456.4820167575024,-383.76100079337414,-43.688657311042334,16.8729,155.2306,4.4994,31.4961
TCGA-DD-AAE4,Low VI,281.8500099109308,264.7208772585375,245.3057517717168,346.8482,284.1077,76.9458,523.2317
TCGA-DD-AAE6,Intermediate VI,1034.923469634096,-464.40425095691603,-308.8100134993673,311.118,12.989,0.0,3.0926
TCGA-DD-AAE7,Low VI,317.71483948887123,-118.39557560531262,236.7476490981353,120.1537,195.599,37.7227,245.8959
TCGA-DD-AAE9,Intermediate VI,882.1857762518682,-351.89399590001847,-149.34506431443504,5.6641,37.3832,6.7969,23.7893
TCGA-DD-AAEA,Intermediate VI,739.5967217173871,-12.531298705797212,72.79577418233862,379.9235,153.7786,87.8735,329.5255
TCGA-DD-AAEB,Intermediate VI,470.6609630261927,-214.30187839576433,-52.441031967607046,113.8266,45.5306,13.3914,70.9742
TCGA-DD-AAED,Intermediate VI,901.7981166396572,-401.6704057133719,-5.201073265882201,90.8231,271.5232,6.6225,21.7597
TCGA-DD-AAEE,Intermediate VI,767.8710911913464,-389.2796567030564,-32.67321518860069,17.7443,57.5346,22.046,31.187
TCGA-DD-AAEG,Intermediate VI,776.0938883191687,-530.4211388703709,-341.3059225077586,11.3227,31.3948,7.72,19.5574
TCGA-DD-AAEH,Low VI,362.79342838780383,368.92168776269625,293.83160948253203,373.3871,183.0645,272.5806,1087.0968
TCGA-DD-AAEI,Intermediate VI,599.7644512456602,-217.4556988556576,67.52223695902228,59.4432,376.9752,14.2965,87.2837
TCGA-DD-AAEK,Low VI,400.0763581917014,-23.98646718954967,355.82954746435803,137.7192,269.9734,136.6262,454.692
TCGA-DD-AAVP,Intermediate VI,698.8732967674571,-288.5094220706077,-194.57788896361126,44.7598,51.31,7.6419,64.4105
TCGA-DD-AAVQ,High VI,698.12484052381,158.47816870674228,430.05157496606057,353.1106,341.0138,206.7972,650.3456
TCGA-DD-AAVR,Low VI,456.20489835973774,-96.78431762339699,335.33008053811227,92.8839,327.3408,58.427,255.4307
TCGA-DD-AAVS,High VI,821.7082702468344,-205.73364681907026,148.0593204472559,49.2565,133.829,12.5465,140.7993
TCGA-DD-AAVU,Intermediate VI,916.1183385204172,-399.09390002655675,-123.36699613543783,5.1632,78.9231,2.9504,11.8016
TCGA-DD-AAVV,Low VI,705.5711190146269,-223.51322217730672,237.69811147503265,73.9247,272.1774,104.1667,108.871
TCGA-DD-AAVW,Low VI,525.8550809489526,-394.794848612553,346.7156841535085,30.9696,181.5942,31.6734,104.1703
TCGA-DD-AAVX,Intermediate VI,430.8254203404824,-164.34374219889798,183.9574814481473,13.7615,100.9174,26.3761,102.0642
TCGA-DD-AAVY,Intermediate VI,659.7397859780414,-284.36691096710047,-273.2049712527936,40.813,32.6504,10.2032,27.5488
TCGA-DD-AAVZ,Low VI,734.4133330572286,-430.015290983303,57.18193788269036,22.5564,57.4163,6.8353,26.6576
TCGA-DD-AAW0,Low VI,437.87916196347305,-317.2898473213161,272.02932788470434,34.0957,354.5953,41.4831,171.0468
TCGA-DD-AAW1,Intermediate VI,541.2591984613401,-386.49360354143835,-249.3452627575756,16.7866,37.7698,3.5971,20.3837
TCGA-DD-AAW2,Intermediate VI,636.992928945379,-336.2726345275695,-295.0664033345238,9.0452,37.1859,5.0251,31.1558
TCGA-DD-AAW3,Intermediate VI,695.4461584224326,-332.8290810008159,-224.93937338014996,15.0659,29.2948,1.674,30.1318
TCGA-ED-A459,Intermediate VI,807.0698237326642,-510.3467332973341,-90.58721834171263,16.5219,191.4257,2.2789,15.3824
TCGA-ED-A4XI,Low VI,192.9498189462122,-167.7308925947416,159.05371110846374,169.0789,192.7632,23.6842,268.4211
TCGA-ED-A5KG,High VI,341.82187267734434,488.7216337972858,888.2130122038608,885.0227,502.7736,923.8527,2213.3132
TCGA-ED-A66X,High VI,835.5351085036166,-408.4811736646211,104.4744343237976,15.7791,461.5385,21.2032,90.7298
TCGA-ED-A66Y,High VI,1038.463046218883,-488.26887878764626,-236.57461539414112,21.814,22.9621,2.8703,12.6292
TCGA-ED-A7PX,High VI,961.997501026164,-378.0622839356655,-53.23554382300301,21.3027,218.4897,14.7481,61.1771
TCGA-ED-A7PY,Intermediate VI,849.7259685381265,-282.13664568542345,-167.17759124933252,70.5364,30.3698,4.8984,50.9429
TCGA-ED-A7PZ,Intermediate VI,1109.577780123749,-405.3672423461776,-283.97781503418526,15.9626,77.6111,1.1009,6.6052
TCGA-ED-A7XO,Low VI,430.9332931665374,-258.07313258974807,85.65242839885309,156.2041,148.6458,26.8738,157.0439
TCGA-ED-A7XP,Low VI,675.9156897996339,-314.1005687642049,65.93093420073171,38.0403,137.1758,44.9568,88.1844
TCGA-ED-A82E,High VI,873.0315994292228,-515.5309583293961,-8.54143971760925,16.0064,139.2557,10.004,25.2101
TCGA-ED-A8O5,High VI,914.1384848651044,-221.48907508952948,0.8759191870337872,44.8649,20.5405,6.4865,76.2162
TCGA-ED-A8O6,High VI,1039.961033112471,-275.2136301602918,-10.799165246964094,57.8694,84.1736,30.9806,115.7387
TCGA-ED-A97K,Low VI,561.2624313536772,-478.68244651451016,0.7383142987330302,36.9759,305.0512,25.9712,116.6502
TCGA-EP-A12J,Intermediate VI,524.9087971348373,-258.0183271180606,-195.53793812503,11.3459,44.8163,2.8365,47.6528
TCGA-EP-A26S,Intermediate VI,543.2720101482602,-348.11304154733784,-69.10481017726511,29.9461,69.1402,8.3673,20.2576
TCGA-EP-A2KB,Intermediate VI,876.1157454470422,-216.04392985234188,-45.554489111494036,73.6285,70.7411,18.2868,73.1473
TCGA-EP-A2KC,Intermediate VI,737.2092152282523,-386.80317805190464,-106.38868482773853,36.4026,81.3704,11.242,48.1799
TCGA-EP-A3JL,Low VI,632.2828262141496,-68.78285680980252,218.6876584617653,180.2413,282.0513,90.4977,244.3439
TCGA-ES-A2HS,Intermediate VI,551.2901135459872,-465.8170888898725,-139.49188861773143,79.1058,44.712,3.4394,14.6174
TCGA-ES-A2HT,Low VI,522.1505386254065,-268.4600201208623,-7.920511166352753,36.0866,78.5886,9.6231,41.7001
TCGA-FV-A2QQ,Low VI,621.9723460004429,-118.87890096752744,183.63759163712575,82.655,175.3287,31.9349,225.4227
TCGA-FV-A3I0,High VI,920.1340747789906,-367.00560218555927,-101.73172454925782,34.6447,4287.7275,10.5696,44.6271
TCGA-FV-A3I1,Low VI,720.7651709991771,-448.3703129418849,179.62693113637897,49.3405,266.2217,94.8855,59.6423
TCGA-FV-A3R3,Low VI,344.58820730805974,-237.25994603597837,358.48658053606573,48.6859,196.462,17.1833,144.9122
TCGA-FV-A495,Low VI,455.34353743157953,-133.1147509104452,208.91279179697062,143.3071,213.3858,48.0315,155.9055
TCGA-FV-A496,Intermediate VI,742.1543334472752,-537.2138118413998,-382.5619883748193,53.4106,18.018,3.2175,7.722
TCGA-FV-A4ZP,High VI,1047.043758648344,174.53066674227534,136.702695489235,878.5131,273.7987,40.7978,150.4986
TCGA-FV-A4ZQ,High VI,744.5752213981071,534.2410638761385,306.4517631241507,749.3473,423.4987,351.9582,1583.812
TCGA-G3-A25S,Intermediate VI,946.4837135154208,-168.02999035506184,-56.97995249602593,126.5636,140.103,21.1921,37.0861
TCGA-G3-A25T,High VI,835.3217355867953,-283.3605811089369,-86.59329734852452,30.3556,315.6982,9.974,50.7372
TCGA-G3-A25U,Intermediate VI,574.4568013859276,-401.1615745426567,-91.19371978966365,60.423,45.4611,8.0564,20.141
TCGA-G3-A25V,Low VI,288.9793905778308,-324.6749899735871,227.07600975883224,39.8111,209.1768,31.7139,126.8556
TCGA-G3-A25X,High VI,989.595581226196,137.6070295269942,114.8035141362044,401.9166,476.8884,103.1567,343.292
TCGA-G3-A25Y,High VI,800.7630940460504,-396.6931891190211,90.27766563473972,70.7777,246.6602,46.3594,92.011
TCGA-G3-A25Z,Intermediate VI,653.8397960713766,-486.31834533577194,-71.59587321425408,10.7976,116.6137,13.497,24.2945
TCGA-G3-A3CG,Intermediate VI,594.6852101853885,-268.61941743841953,-8.9045793224617,23.0061,54.4479,18.4049,82.0552
TCGA-G3-A3CH,Low VI,445.1162193058272,-192.7061276807566,76.14497866076533,61.4858,115.3651,25.9888,143.2556
TCGA-G3-A3CI,Low VI,228.57859307405192,-210.91595919798704,97.75901628368604,52.9197,412.4088,48.3577,135.0365
TCGA-G3-A3CJ,Intermediate VI,571.1607420497554,-254.70942184732564,-126.16200008581984,33.5878,61.8321,10.687,22.9008
TCGA-G3-A3CK,Intermediate VI,486.3187834879317,25.243315335632587,186.03261195513585,143.2802,184.1546,123.5022,425.0059
TCGA-G3-A5SI,Intermediate VI,837.7750594052497,-522.8943876362998,-345.2620542969229,18.2006,30.6101,0.0,4.9638
TCGA-G3-A5SJ,High VI,835.9204508861503,-88.17090687353777,294.0083429970904,173.0648,297.0422,166.1422,344.2417
TCGA-G3-A5SL,Intermediate VI,651.5397801070122,-375.83471256261316,-95.06524278371899,8.4222,47.726,11.7911,24.1437
TCGA-G3-A5SM,Low VI,472.5640767356342,-374.38896992379193,41.09196333987643,34.6791,332.8157,49.1718,68.8406
TCGA-G3-A6UC,Intermediate VI,499.4695108740908,-371.0354987634694,-304.78156357040166,25.0184,28.6797,2.4408,6.1021
TCGA-G3-A7M5,Intermediate VI,551.9254179757555,-164.04941635752516,47.30470175983544,53.5809,61.2353,19.9015,69.6552
TCGA-G3-A7M6,Low VI,862.7435726324196,-444.8578379145681,37.18458385263409,35.7604,67.1501,52.4486,62.7794
TCGA-G3-A7M7,Intermediate VI,649.894793564524,-405.3439331337871,-155.5463936608877,3.9069,60.947,7.8137,19.5343
TCGA-G3-A7M8,Low VI,313.1077454117729,-501.8467288182709,-91.40302749016246,54.878,168.4451,10.6707,13.7195
TCGA-G3-AAUZ,Low VI,464.7732545205173,-70.09883994014967,154.3392472876568,174.8332,107.6605,45.0886,191.3964
TCGA-G3-AAV0,Intermediate VI,456.5670158851637,-166.5172816444666,-22.23204108099992,110.3587,48.1565,16.0522,83.2706
TCGA-G3-AAV1,Intermediate VI,746.1686321346754,-506.76548118829595,-71.02818280373003,12.3589,88.1247,8.5975,7.5228
TCGA-G3-AAV2,Intermediate VI,616.3256514743402,-384.42068433549696,-226.52502160249196,7.6465,59.2605,6.3721,7.6465
TCGA-G3-AAV3,Low VI,569.6534968205112,270.6206696632372,256.0397631850335,402.7062,251.933,211.9845,860.1804
TCGA-G3-AAV4,Intermediate VI,756.0549474615691,-412.0978086161373,-116.28796175437094,78.9002,60.3706,2.9886,6.575
TCGA-G3-AAV6,High VI,1145.0951656413863,-34.459134148429825,80.73706801228684,85.2965,64.7077,22.3536,105.8853
TCGA-G3-AAV7,High VI,1136.5470087440158,-523.4390327011326,-3.9878430031487824,24.1844,366.5596,34.6169,27.978
TCGA-GJ-A3OU,Low VI,372.1671556140027,-278.4083077347285,615.7101035598333,55.9103,1414.3227,135.9793,86.9715
TCGA-GJ-A6C0,Low VI,679.5911783476101,-348.6035035555044,108.36944482271383,81.6658,365.603,23.2558,64.3591
TCGA-GJ-A9DB,Low VI,554.5897187643982,-505.624694034633,12.311033660095177,62.1605,253.4701,18.7085,41.6415
TCGA-HP-A5MZ,Low VI,363.1607572619821,-223.5346486974322,314.6105243456027,61.4203,344.8496,63.9795,170.8253
TCGA-K7-A5RG,Low VI,347.69131373485936,562.9656674388395,492.7616124722215,1426.6426,776.4087,738.356,2979.4599
TCGA-K7-A6G5,Low VI,473.383195904158,-171.1043478905351,39.48627201238719,100.5132,122.4562,19.8195,118.917
TCGA-K7-AAU7,High VI,830.5286522647073,-547.8227743433181,75.0059949479894,43.3096,230.1228,56.2379,59.4699
TCGA-KR-A7K0,Low VI,544.5910632437809,-423.42406343472715,-69.2181077383027,31.2989,155.1035,15.3017,49.3827
TCGA-KR-A7K2,Low VI,661.5673245239904,-385.5684802885212,129.96280054225247,70.5506,72.4319,11.2881,22.5762
TCGA-KR-A7K7,High VI,979.771464245212,268.4949824512129,209.94344931115575,506.2327,249.3075,106.6482,531.1634
TCGA-KR-A7K8,Low VI,534.6788800478861,308.05775093947113,283.0922997116294,598.9811,540.0291,155.7496,934.4978
TCGA-LG-A6GG,Intermediate VI,706.0576035677135,-480.4927159335251,-153.02885811693704,7.3199,50.6761,6.7568,8.446
TCGA-LG-A9QC,Intermediate VI,773.3635022617976,-419.7252833650099,-196.50446635347078,24.7582,38.4404,10.4245,11.7276
TCGA-LG-A9QD,Low VI,396.77558069412726,-259.7444779158177,77.7110143152313,40.5594,44.0559,20.2797,82.5175
TCGA-MI-A75C,Intermediate VI,875.2395815534196,-97.30730603811253,18.66584283738689,117.3677,78.019,25.7802,101.7639
TCGA-MI-A75E,Low VI,450.30988299190494,-199.46932854657064,176.60061598770255,28.3832,163.5411,27.7074,177.7327
TCGA-MI-A75G,Intermediate VI,663.6880671364814,-448.5800176106667,-209.91561886876718,29.119,38.033,6.5369,15.4509
TCGA-MI-A75H,Intermediate VI,508.4611648166581,-27.721499974684434,69.28687918818855,73.3802,102.2639,37.4707,186.573
TCGA-MR-A8JO,Low VI,500.4669216591621,-83.16720460731676,299.0658194852042,169.9545,224.5827,133.5357,287.5569
TCGA-NI-A4U2,Intermediate VI,396.46390659977976,-496.0639322354782,-197.98062005946042,51.7176,91.3552,10.1925,9.815
TCGA-NI-A8LF,Intermediate VI,468.1358665993689,-326.5272946201044,-87.13401623101925,14.128,57.154,7.064,46.8792
TCGA-O8-A75V,Low VI,687.6216002344332,-48.119612983141906,189.34928839618544,114.4641,204.4853,36.3662,287.9486
TCGA-QA-A7B7,Intermediate VI,851.1023187924075,-347.15678847303184,-106.77123390801046,88.4808,76.7947,24.6244,39.2321
TCGA-RC-A6M3,High VI,1054.9922953539058,-199.00776351500815,-66.97765498365936,85.8501,142.2658,22.0757,123.2562
TCGA-RC-A6M4,Intermediate VI,767.2792027436793,-594.0272556496398,-345.98448876184386,23.9293,20.6662,0.5438,5.9823
TCGA-RC-A6M5,Low VI,366.3836389777479,-418.5599175777594,12.915951726353455,18.0485,178.793,5.6402,53.0175
TCGA-RC-A6M6,High VI,1154.2580591452338,-354.9642966933742,-2.785042303996306,61.7486,116.9399,59.5628,46.4481
TCGA-RC-A7S9,High VI,813.2284584586154,-202.42997577211634,154.62184446352148,423.9604,107.4914,37.8322,77.4658
TCGA-RC-A7SB,Intermediate VI,596.2048320057777,-409.5162118745526,53.22833457199067,21.5734,83.8966,15.5808,45.5439
TCGA-RC-A7SF,Intermediate VI,741.1700315496141,-165.39239254129734,-67.07594980647764,100.1946,65.1751,52.5292,101.1673
TCGA-RC-A7SH,High VI,1097.3684754685971,-445.78780795186753,-247.71526160748,33.1424,39.5159,9.5603,35.0545
TCGA-RC-A7SK,Intermediate VI,742.0917828536051,-330.5399526866356,-175.95926293812727,48.3365,18.2046,5.6497,54.6139
TCGA-T1-A6J8,Intermediate VI,626.4325184896394,-393.4384140953083,-58.02392336517414,17.2439,46.3803,5.9462,37.461
TCGA-UB-A7MA,High VI,1088.1220423076077,-362.39168540157664,-138.08087195441215,14.3661,70.1067,17.814,91.3685
TCGA-UB-A7MB,Intermediate VI,773.926100466232,-430.1849258958264,-323.3114068908187,14.5131,26.2172,1.8727,14.9813
TCGA-UB-A7MC,Intermediate VI,889.1953947098638,-528.0934918041285,-196.0459729754242,32.4149,44.1653,2.4311,9.7245
TCGA-UB-A7MD,Low VI,572.8086032571216,-390.23692719770077,137.6224800715769,51.8135,239.4934,37.9965,74.8417
TCGA-UB-A7ME,Low VI,723.3505080684615,-3.185678428768142,292.51084748895175,178.1737,176.392,136.5999,408.0178
TCGA-UB-A7MF,High VI,744.3258151743049,315.70787857306505,311.6985766020629,1183.0653,290.4447,192.053,803.2167
TCGA-UB-AA0U,Low VI,582.81806304335,-398.48489697130356,152.26701553549776,34.2541,205.5249,22.0994,131.4917
TCGA-UB-AA0V,Low VI,23.618591373844765,-385.1346687287546,56.575573761876285,60.4559,147.671,28.7413,138.7512
TCGA-WJ-A86L,Intermediate VI,822.5138438676269,-462.6586911273032,-250.61130866752853,16.6445,98.5353,12.6498,9.3209
TCGA-WQ-A9G7,High VI,1046.363260874953,-532.0534852192122,-202.38423941308247,23.2028,80.3812,2.486,33.9756
TCGA-WQ-AB4B,Low VI,599.3128712888251,-409.82468968651267,-48.651577938759374,50.5166,173.3639,9.1848,30.9989
TCGA-WX-AA44,Low VI,836.1006230330896,-427.4246453791068,-6.384926144165888,30.5164,175.2739,7.0423,48.5133
TCGA-XR-A8TC,Intermediate VI,801.6098121142355,-528.0437147706591,66.32241792218838,71.1259,38.0062,1.6288,20.6319
TCGA-XR-A8TD,Low VI,445.0237135444811,305.6552592308028,291.12187132248164,618.4231,732.5828,177.8929,1299.8792
TCGA-XR-A8TE,High VI,663.3101221543812,-425.5215093678098,157.29575507358174,53.8854,52.1838,3.4033,27.2263
TCGA-XR-A8TF,Intermediate VI,730.464255878859,-190.71998858825236,95.34303143142267,43.8005,57.9515,14.1509,115.903
TCGA-XR-A8TG,Low VI,687.5822999272395,-463.2044560138453,-3.6029936610931372,13.313,138.1223,22.1883,21.6336
TCGA-YA-A8S7,High VI,718.6982984765954,-322.44138961078875,133.4919733828831,49.5763,1837.3593,32.3764,105.7291
TCGA-ZP-A9CV,Low VI,515.6254129760066,-113.59646479521155,285.7832687224511,38.8471,127.193,21.3033,159.7744
TCGA-ZP-A9CY,Low VI,255.61656260239812,-447.6390018766298,10.841320392448438,80.865,204.2905,10.6401,53.2006
TCGA-ZP-A9CZ,Low VI,725.4370395131657,-125.55373309031415,255.26525580638815,137.824,232.8108,86.916,220.3942
TCGA-ZP-A9D0,Intermediate VI,521.1812590839427,-494.00095266904304,23.526244230170505,82.3681,31.5315,9.009,17.3745
TCGA-ZP-A9D1,Low VI,538.5384151008515,-272.2094684223905,196.19102867568733,18.0064,82.3151,21.2219,104.1801
TCGA-ZP-A9D2,High VI,831.7584533013751,-537.0002259645842,-38.43448966700964,32.7511,187.0451,20.3785,58.5881
TCGA-ZP-A9D4,Intermediate VI,559.256406006756,-463.6991649925841,-163.898306978782,10.7481,56.0034,2.2628,25.4561
TCGA-ZS-A9CD,Low VI,590.1214437125907,-377.3525600406242,60.02569188139341,14.275,117.2051,5.2592,54.0947
TCGA-ZS-A9CE,Intermediate VI,557.9094829504608,-572.5368046654476,-382.43126724761873,49.2341,13.6761,2.1882,7.1116
TCGA-ZS-A9CF,Intermediate VI,535.4313918064219,-323.4486982297367,163.062733195968,26.0734,75.6524,20.3687,60.096900000000005
TCGA-ZS-A9CG,Intermediate VI,493.6552568417106,-323.0697501316363,-185.1004437975448,10.9683,76.7781,8.9117,45.2442
