patient_id,ssgsea_vi,mvi,recurrence,death,dfs_months,os_months,meanz_vi_score
TCGA-2V-A95S,803.4017113804184,1.0,0.0,0,,,0.1455819440168431
TCGA-2Y-A9GT,125.31124226341603,0.0,1.0,1,35.58,53.35,-1.4895118797546036
TCGA-2Y-A9H2,804.1746307699838,0.0,0.0,0,56.87,56.87,0.2083990835352742
TCGA-2Y-A9H3,568.791943218144,1.0,1.0,0,0.72,49.8,-0.4569884484444633
TCGA-2Y-A9H4,573.0211996932594,0.0,0.0,0,47.7,47.7,-0.2418373068328941
TCGA-2Y-A9H5,728.8748106148815,0.0,1.0,1,8.48,18.23,-0.1228358929623647
TCGA-2Y-A9H7,817.487408484786,0.0,1.0,0,36.7,38.37,0.3278565975734612
TCGA-2Y-A9HB,433.48474957938504,0.0,0.0,0,8.54,8.54,-0.7126871174610301
TCGA-4R-AA8I,539.8313194691722,1.0,1.0,1,8.11,8.61,-0.3505855627663289
TCGA-5C-A9VG,905.4798043251964,1.0,0.0,0,10.78,10.78,0.4628608727393554
TCGA-5C-A9VH,795.0901430317102,0.0,0.0,0,10.58,10.58,0.2083714212218128
TCGA-5C-AAPD,727.7515463372446,0.0,0.0,0,0.66,0.66,0.0908933447496275
TCGA-5R-AA1C,678.3931552397472,1.0,0.0,0,17.08,17.08,0.0397217573007715
TCGA-5R-AA1D,208.67856569559922,1.0,0.0,0,14.75,14.75,-1.2864956723424184
TCGA-5R-AAAM,186.82988713183943,1.0,,1,,1.51,-1.2702518849217237
TCGA-BC-A10Q,994.3340216389532,0.0,1.0,1,11.17,37.29,0.4953609199398589
TCGA-BC-A10R,598.095733600771,1.0,1.0,1,6.54,10.12,-0.2746521113237354
TCGA-BC-A10S,407.8742528870082,1.0,1.0,1,37.12,46.75,-0.7197642569247977
TCGA-BC-A10T,466.73869052118573,0.0,1.0,1,19.65,27.5,-0.5488376015076073
TCGA-BC-A10X,15.791063842830908,1.0,,1,,25.3,-1.686384915875971
TCGA-BC-A10Y,662.8517039229108,1.0,1.0,1,13.14,23.36,-0.0328968577503889
TCGA-BC-A10Z,791.5721134146473,0.0,,1,,1.12,0.4689357671850618
TCGA-BC-A110,40.44390384575888,0.0,1.0,1,67.58,69.51,-1.6133208234368888
TCGA-BC-A112,973.6823659061952,0.0,,1,,5.03,0.5904433441815051
TCGA-BC-A216,746.7473769629521,0.0,0.0,0,44.38,44.38,-0.0300249274505259
TCGA-BC-A217,812.6680238578136,1.0,,1,,45.89,0.3619522547289516
TCGA-BC-A3KF,679.1816356278396,0.0,0.0,0,0.26,0.26,-0.0017198414461486
TCGA-BC-A3KG,967.4822926863872,1.0,1.0,0,6.87,22.34,0.7095365687659494
TCGA-BC-A5W4,809.9867766852076,1.0,1.0,1,12.61,17.97,0.5281488996948502
TCGA-BC-A69H,1148.6224598157903,1.0,0.0,0,14.59,14.59,1.2883861614040235
TCGA-BC-A69I,429.50357848558406,0.0,0.0,0,12.71,12.71,-0.6417756938231266
TCGA-BD-A2L6,582.1746850309908,1.0,1.0,0,13.63,44.78,-0.3087510665248948
TCGA-BD-A3EP,537.2916401008963,0.0,0.0,0,13.44,13.44,-0.4433612896530254
TCGA-BD-A3ER,486.490253949361,0.0,1.0,0,7.42,36.63,-0.5586710692422889
TCGA-BW-A5NO,680.8873937601518,0.0,0.0,0,0.66,0.66,-0.0007892035526539
TCGA-BW-A5NP,1105.6082601311969,1.0,1.0,0,3.35,0.0,1.1240083176140003
TCGA-BW-A5NQ,897.0852881401017,0.0,0.0,0,0.0,0.0,0.4806477409334257
TCGA-CC-5258,950.2642575037079,0.0,,1,,4.24,0.5421234791383636
TCGA-CC-5260,894.4508644539175,0.0,,1,,2.86,0.2067965172173643
TCGA-CC-5261,741.2983919116509,0.0,,1,,3.19,-0.1514520686404277
TCGA-CC-5263,1068.2125359595782,0.0,,1,,4.24,0.6934701253776505
TCGA-CC-5264,1036.7796506589743,0.0,,1,,3.35,0.8716703064644218
TCGA-CC-A123,951.9051402477869,0.0,1.0,0,4.76,7.19,0.7388878365290086
TCGA-DD-A113,833.7387474499792,1.0,1.0,0,55.06,79.66,0.2810385549714858
TCGA-DD-A114,687.860047026181,1.0,,1,,37.75,-0.2264624452796189
TCGA-DD-A115,533.2665526808103,0.0,1.0,1,15.41,83.51,-0.4163929713675803
TCGA-DD-A118,776.7343434337175,0.0,1.0,0,21.62,112.91,0.1765642756517114
TCGA-DD-A119,707.5794736398464,1.0,,1,,7.33,0.0820143325656034
TCGA-DD-A11A,727.5008591873315,0.0,0.0,0,2.6,2.6,0.2521813242285929
TCGA-DD-A11B,527.4249093116788,0.0,,1,,0.46,-0.3710843634513107
TCGA-DD-A11C,534.4484722862431,0.0,0.0,0,21.75,21.75,-0.3884019669361416
TCGA-DD-A11D,477.54609466430304,0.0,1.0,1,16.36,51.25,-0.5380728923472058
TCGA-DD-A1EA,600.2681681586807,1.0,1.0,0,24.77,79.34,-0.2579293176298859
TCGA-DD-A1EB,423.9755586649835,0.0,1.0,0,23.95,66.26,-0.7439692308091687
TCGA-DD-A1EC,494.67565086394154,0.0,1.0,0,9.82,19.78,-0.6118920569843237
TCGA-DD-A1ED,134.00586567380026,0.0,0.0,0,75.59,75.59,-1.5338814918147672
TCGA-DD-A1EE,782.4807674035555,0.0,1.0,1,1.45,11.47,0.3674465919429902
TCGA-DD-A1EF,874.901980155119,0.0,,1,,12.94,0.2916390194023416
TCGA-DD-A1EG,748.0757761599735,0.0,1.0,1,33.05,45.07,0.2025392315109072
TCGA-DD-A1EI,672.903042554478,0.0,0.0,0,6.01,6.01,-0.1329493060305194
TCGA-DD-A1EJ,968.6831883562054,0.0,1.0,1,8.64,33.02,0.7969903644920737
TCGA-DD-A1EK,567.1702808561341,0.0,1.0,1,5.49,18.33,-0.2705377820614388
TCGA-DD-A1EL,1049.6152754736577,0.0,,1,,13.63,0.9458468879302928
TCGA-DD-A39V,755.2753841233102,0.0,1.0,1,14.95,21.12,0.2112748305741783
TCGA-DD-A39W,717.544915071787,0.0,,1,,27.17,0.0019636246283229
TCGA-DD-A39X,753.6087868571022,0.0,1.0,1,33.9,55.65,0.1779191647629001
TCGA-DD-A39Y,1132.7646903826785,0.0,,1,,5.62,1.3066483225665202
TCGA-DD-A39Z,913.6005336442141,0.0,,1,,19.74,0.6623010188262644
TCGA-DD-A3A2,296.58087697954534,0.0,,1,,70.01,-1.0985939242598757
TCGA-DD-A3A4,572.2340955656424,0.0,1.0,1,2.86,20.11,-0.2835309461557792
TCGA-DD-A3A5,539.8248931877393,0.0,1.0,1,2.76,102.66,-0.365421497241904
TCGA-DD-A3A6,486.7332551662431,1.0,,1,,107.03,-0.852106602272383
TCGA-DD-A3A7,1006.4796395159201,1.0,1.0,1,4.73,13.76,0.9085397566430724
TCGA-DD-A3A8,583.9892441412303,0.0,,1,,0.36,-0.1902644453850256
TCGA-DD-A3A9,817.9120389390064,0.0,1.0,1,9.49,30.58,0.2745948522364832
TCGA-DD-A4NB,301.78917302845866,0.0,1.0,0,29.96,32.49,-1.111547343368601
TCGA-DD-A4ND,375.0044553600195,0.0,1.0,0,0.66,90.21,-0.9352946711936296
TCGA-DD-A4NE,703.8244767525664,0.0,1.0,1,6.24,21.68,0.0635014460287164
TCGA-DD-A4NF,591.0727227837677,0.0,1.0,0,21.55,30.95,-0.280403657897738
TCGA-DD-A4NG,797.5392096225698,1.0,1.0,1,14.13,26.35,0.2322422530471346
TCGA-DD-A4NI,190.79011321169548,0.0,0.0,0,26.81,26.81,-1.332265998002423
TCGA-DD-A4NJ,737.7276555814328,0.0,1.0,0,18.17,30.49,0.0345903226490527
TCGA-DD-A4NK,397.93538324567544,0.0,1.0,1,2.92,39.75,-0.6562761461806905
TCGA-DD-A4NL,176.10445849636767,0.0,0.0,0,56.21,56.21,-1.408841825851614
TCGA-DD-A4NN,1100.4922646697623,0.0,1.0,1,5.45,29.53,1.14725666935399
TCGA-DD-A4NO,650.3024087998156,0.0,1.0,0,73.62,73.75,-0.0495620987579959
TCGA-DD-A4NP,342.32735181437295,0.0,1.0,0,90.08,108.67,-1.0028227438463733
TCGA-DD-A4NR,634.4227096741087,0.0,,1,,0.3,-0.2114245416865746
TCGA-DD-A4NS,157.20685261231802,0.0,1.0,1,35.84,80.68,-1.315523474204448
TCGA-DD-A4NV,289.228104219546,0.0,0.0,0,78.78,78.78,-1.0301320962746638
TCGA-DD-A73A,485.12479437436036,0.0,0.0,0,23.92,23.92,-0.5862349193135016
TCGA-DD-A73B,729.1996604246422,0.0,1.0,1,7.88,9.3,0.2983804969636679
TCGA-DD-A73C,312.65452698075717,0.0,1.0,0,18.59,23.03,-1.0874155884365175
TCGA-DD-A73D,839.4856388105787,1.0,1.0,0,19.45,22.77,0.7423526335554087
TCGA-DD-A73E,754.0929594741864,0.0,0.0,0,1.45,1.45,0.2770875173858879
TCGA-DD-A73F,406.48742920755933,0.0,0.0,0,35.64,35.64,-0.6791984101467381
TCGA-DD-A73G,866.5620191581525,0.0,0.0,0,114.26,114.26,0.4870802590659975
TCGA-DD-AA3A,1110.3062037837467,0.0,,1,,13.47,0.9379410407200386
TCGA-DD-AAC8,991.9813320456714,1.0,,1,,0.53,0.9086205615048644
TCGA-DD-AAC9,421.7112582750282,0.0,0.0,0,11.4,11.4,-0.7336364210622326
TCGA-DD-AACA,893.7158054600069,0.0,1.0,0,71.06,75.59,0.5863754106746022
TCGA-DD-AACB,862.081729309323,1.0,0.0,0,76.35,76.35,0.3839100201184674
TCGA-DD-AACC,327.43414693155285,0.0,1.0,1,17.64,55.35,-0.8262966982662707
TCGA-DD-AACD,615.3582719658001,1.0,1.0,1,4.96,12.52,-0.1938615771719862
TCGA-DD-AACE,619.2104045127587,0.0,1.0,0,42.02,71.75,-0.0195583083353019
TCGA-DD-AACF,741.0557167628147,0.0,1.0,1,3.91,11.99,0.2716956810797072
TCGA-DD-AACG,940.3795498633198,1.0,1.0,1,4.11,15.41,0.7140130067148034
TCGA-DD-AACH,1016.6779844803063,1.0,1.0,1,2.73,6.41,0.7782150653269723
TCGA-DD-AACI,704.9083940333871,0.0,1.0,0,47.04,53.15,0.0305509664016408
TCGA-DD-AACJ,876.2948435856084,1.0,1.0,0,3.29,69.05,0.7476861138716046
TCGA-DD-AACK,628.5388773565393,1.0,0.0,0,0.3,0.3,-0.0645128575214742
TCGA-DD-AACL,922.6581416776598,0.0,,1,,3.52,0.5776053903242863
TCGA-DD-AACN,633.0754331460471,0.0,1.0,0,11.73,42.77,-0.2109632720308671
TCGA-DD-AACO,633.2180035652389,0.0,1.0,0,15.74,61.63,-0.1987219607119625
TCGA-DD-AACP,1162.6006786111714,0.0,0.0,0,13.63,13.63,1.3271976660026423
TCGA-DD-AACQ,824.0717898834102,0.0,1.0,1,3.45,14.19,0.5286386161149529
TCGA-DD-AACS,880.6864662184996,0.0,0.0,0,59.26,59.26,0.6288403148118957
TCGA-DD-AACT,551.6148903161438,0.0,0.0,0,51.31,51.31,-0.4387867656279615
TCGA-DD-AACU,709.2208310036258,0.0,0.0,0,51.48,51.48,0.0455329036361339
TCGA-DD-AACV,739.6042532495144,1.0,1.0,0,11.3,50.3,0.3474009852265353
TCGA-DD-AACW,845.9687813444249,0.0,0.0,0,46.78,46.78,0.4644579507583507
TCGA-DD-AACX,859.0970879282514,0.0,1.0,0,1.38,5.58,0.4887981105492077
TCGA-DD-AACY,653.4698996316357,0.0,1.0,0,25.49,47.63,-0.0785712829535747
TCGA-DD-AAD0,841.1336190039278,0.0,1.0,0,1.54,4.5,0.6734423462784477
TCGA-DD-AAD1,496.99226294495736,0.0,1.0,0,4.17,18.53,-0.6828012053686284
TCGA-DD-AAD2,551.577317807835,1.0,0.0,0,21.62,21.62,-0.482601046405342
TCGA-DD-AAD3,469.5604942971637,0.0,0.0,0,42.54,42.54,-0.5791101539871005
TCGA-DD-AAD5,1054.898255048628,0.0,1.0,0,4.27,44.19,0.9652302477376492
TCGA-DD-AAD6,924.7815548503487,0.0,1.0,0,1.64,22.08,0.6919547327956994
TCGA-DD-AAD8,677.161047694513,0.0,0.0,0,40.05,40.05,-0.0275978731430653
TCGA-DD-AADB,942.9861524330712,0.0,0.0,0,40.8,40.8,0.6008326989477889
TCGA-DD-AADD,1004.0440312713922,0.0,0.0,0,40.44,40.44,0.8786297796929767
TCGA-DD-AADF,766.229551626026,0.0,,1,,3.78,0.3685275185507928
TCGA-DD-AADG,579.3224063988621,0.0,1.0,0,8.87,37.61,-0.1064124622827121
TCGA-DD-AADI,697.5939784028878,0.0,0.0,0,35.64,35.64,-0.0477662946253145
TCGA-DD-AADJ,747.4729525998827,0.0,0.0,0,35.02,35.02,0.13085349042122
TCGA-DD-AADK,698.784151445622,1.0,0.0,0,34.46,34.46,-0.0258828710226348
TCGA-DD-AADL,752.5705990265855,1.0,0.0,0,20.89,20.89,0.2994183663050742
TCGA-DD-AADM,751.0286568947032,0.0,,1,,0.39,0.2202760536057903
TCGA-DD-AADN,895.2498808039487,1.0,0.0,0,29.5,29.5,0.5498733028068475
TCGA-DD-AADO,913.7597456043891,1.0,0.0,0,14.88,14.88,0.6308785263107651
TCGA-DD-AADP,727.5315895239372,1.0,0.0,0,15.05,15.05,0.0335816618009204
TCGA-DD-AADQ,731.2879722167032,0.0,0.0,0,14.32,14.32,0.1857422007037533
TCGA-DD-AADR,669.1208215646033,0.0,1.0,0,66.62,66.62,0.0161353039362006
TCGA-DD-AADS,408.52934453442253,0.0,0.0,0,15.57,15.57,-0.778071666591541
TCGA-DD-AADU,725.8743771474958,1.0,0.0,0,18.2,18.2,0.0968378171040962
TCGA-DD-AADV,595.4829135967178,0.0,0.0,0,18.86,18.86,-0.1909989097379439
TCGA-DD-AADW,961.4137820294026,0.0,1.0,0,12.68,19.28,0.5576802079507839
TCGA-DD-AADY,785.8035488732627,0.0,0.0,0,18.23,18.23,0.2825364718309246
TCGA-DD-AAE0,1162.7354719434582,0.0,0.0,0,18.23,18.23,1.03424775323325
TCGA-DD-AAE1,882.520591064475,0.0,0.0,0,18.13,18.13,0.5274511768580901
TCGA-DD-AAE2,304.60532738066877,0.0,0.0,0,20.96,20.96,-0.9743884761384396
TCGA-DD-AAE3,456.4820167575024,0.0,0.0,0,18.59,18.59,-0.5741650713507881
TCGA-DD-AAE4,281.8500099109308,0.0,1.0,0,3.65,19.97,-1.059388562277889
TCGA-DD-AAE6,1034.923469634096,1.0,1.0,0,3.45,4.63,1.2400178520931138
TCGA-DD-AAE7,317.71483948887123,0.0,0.0,0,21.16,21.16,-1.0113980707415575
TCGA-DD-AAE9,882.1857762518682,0.0,0.0,0,23.72,23.72,0.5454975606232815
TCGA-DD-AAEA,739.5967217173871,0.0,0.0,0,18.89,18.89,0.2070734541140489
TCGA-DD-AAEB,470.6609630261927,0.0,0.0,0,15.7,15.7,-0.5843312203215276
TCGA-DD-AAED,901.7981166396572,0.0,1.0,0,6.5,25.07,0.5030536882934156
TCGA-DD-AAEE,767.8710911913464,0.0,1.0,0,7.36,26.61,0.3274280939248457
TCGA-DD-AAEG,776.0938883191687,0.0,0.0,0,23.62,23.62,0.361348278102716
TCGA-DD-AAEH,362.79342838780383,1.0,1.0,0,21.16,25.76,-0.8115496689838368
TCGA-DD-AAEI,599.7644512456602,0.0,1.0,0,16.13,50.3,-0.2163477159691841
TCGA-DD-AAEK,400.0763581917014,0.0,0.0,0,35.05,35.05,-0.7842426756267129
TCGA-DD-AAVP,698.8732967674571,0.0,1.0,0,29.66,90.41,0.0679196136345565
TCGA-DD-AAVQ,698.12484052381,0.0,1.0,0,50.03,89.62,-0.0887623531882855
TCGA-DD-AAVR,456.20489835973774,0.0,0.0,0,82.56,82.56,-0.6512464380330169
TCGA-DD-AAVS,821.7082702468344,0.0,0.0,0,59.89,59.89,0.3187031553441343
TCGA-DD-AAVU,916.1183385204173,1.0,1.0,0,53.55,72.34,0.7778789034372772
TCGA-DD-AAVV,705.5711190146269,1.0,0.0,0,80.65,80.65,-0.0042340911973585
TCGA-DD-AAVW,525.8550809489526,0.0,0.0,0,76.12,76.12,-0.5473848121135334
TCGA-DD-AAVX,430.8254203404824,1.0,1.0,0,12.91,56.44,-0.7687705040750273
TCGA-DD-AAVY,659.7397859780414,1.0,0.0,0,64.72,64.72,0.0706358693696382
TCGA-DD-AAVZ,734.4133330572286,0.0,0.0,0,62.42,62.42,0.1416300586131132
TCGA-DD-AAW0,437.87916196347305,0.0,0.0,0,66.2,66.2,-0.6797401725603762
TCGA-DD-AAW1,541.2591984613401,1.0,0.0,0,65.34,65.34,-0.3530327245357262
TCGA-DD-AAW2,636.992928945379,0.0,1.0,0,12.84,60.94,-0.0162858508736041
TCGA-DD-AAW3,695.4461584224326,0.0,0.0,0,53.65,53.65,0.1686229799188745
TCGA-ED-A459,807.0698237326642,1.0,0.0,0,29.89,29.89,0.3483900952285292
TCGA-ED-A4XI,192.9498189462122,1.0,0.0,0,26.91,26.91,-1.303281558880968
TCGA-ED-A5KG,341.82187267734434,1.0,1.0,0,3.61,28.06,-0.8397802995420115
TCGA-ED-A66X,835.5351085036166,1.0,1.0,0,4.07,13.34,0.1828481933132615
TCGA-ED-A66Y,1038.463046218883,1.0,,1,,9.72,0.817869732503025
TCGA-ED-A7PX,961.9975010261641,1.0,0.0,0,0.2,0.2,0.4231161938840418
TCGA-ED-A7PY,849.7259685381265,1.0,0.0,0,12.81,12.81,0.4086248942132954
TCGA-ED-A7PZ,1109.577780123749,1.0,0.0,0,0.2,0.2,1.3361400801649106
TCGA-ED-A7XO,430.9332931665374,1.0,1.0,0,8.61,14.03,-0.6479702253886439
TCGA-ED-A7XP,675.9156897996339,1.0,1.0,0,6.14,13.14,-0.1113776388373633
TCGA-ED-A82E,873.0315994292228,1.0,0.0,0,13.4,13.4,0.257349592287352
TCGA-ED-A8O5,914.1384848651044,1.0,0.0,0,13.34,13.34,0.5642940788662543
TCGA-ED-A8O6,1039.961033112471,1.0,,1,,1.84,0.8190383339836464
TCGA-ED-A97K,561.2624313536772,1.0,0.0,0,0.2,0.2,-0.5122403243494181
TCGA-EP-A12J,524.9087971348373,0.0,0.0,0,18.73,18.73,-0.3986765914376969
TCGA-EP-A26S,543.2720101482602,0.0,0.0,0,19.97,19.97,-0.3511736908999149
TCGA-EP-A2KB,876.1157454470422,0.0,1.0,1,5.29,19.58,0.5541086767650433
TCGA-EP-A2KC,737.2092152282523,0.0,,1,,0.62,0.1845805619013401
TCGA-EP-A3JL,632.2828262141496,0.0,0.0,0,9.95,9.95,-0.1508257412814685
TCGA-ES-A2HS,551.2901135459872,0.0,,1,,22.6,-0.3617248671822465
TCGA-ES-A2HT,522.1505386254065,0.0,,1,,14.39,-0.390529235062143
TCGA-FV-A2QQ,621.9723460004429,0.0,0.0,0,23.95,23.95,-0.1292483752767406
TCGA-FV-A3I0,920.1340747789906,1.0,1.0,0,5.22,27.86,0.4136373225794701
TCGA-FV-A3I1,720.7651709991771,1.0,,1,,8.11,-0.0021816875300346
TCGA-FV-A3R3,344.58820730805974,0.0,,1,,12.02,-1.0390026170633542
TCGA-FV-A495,455.34353743157953,0.0,0.0,0,0.03,0.03,-0.5859330437571943
TCGA-FV-A496,742.1543334472752,0.0,0.0,0,0.33,0.33,0.3344691010615681
TCGA-FV-A4ZP,1047.043758648344,1.0,,1,,81.67,0.9386356892422514
TCGA-FV-A4ZQ,744.5752213981071,0.0,0.0,0,0.39,0.39,0.0815875608102749
TCGA-G3-A25S,946.4837135154207,1.0,1.0,1,1.22,13.67,0.9511056916286844
TCGA-G3-A25T,835.3217355867953,0.0,1.0,0,14.85,51.02,0.1903095806722818
TCGA-G3-A25U,574.4568013859276,0.0,0.0,0,53.75,53.75,-0.1408866447395248
TCGA-G3-A25V,288.9793905778308,0.0,1.0,0,16.06,28.25,-1.042444437170534
TCGA-G3-A25X,989.595581226196,0.0,0.0,0,58.44,58.44,0.6741931371420489
TCGA-G3-A25Y,800.7630940460504,0.0,1.0,1,11.66,14.85,0.1512121451706277
TCGA-G3-A25Z,653.8397960713766,0.0,0.0,0,21.52,21.52,0.0054095431923721
TCGA-G3-A3CG,594.6852101853885,1.0,1.0,0,10.81,22.11,-0.2275559409213994
TCGA-G3-A3CH,445.11621930582714,0.0,1.0,0,18.33,25.62,-0.6438592423728137
TCGA-G3-A3CI,228.57859307405192,0.0,0.0,0,5.91,5.91,-1.2958791947931658
TCGA-G3-A3CJ,571.1607420497554,1.0,1.0,0,9.72,19.51,-0.2708465299526649
TCGA-G3-A3CK,486.3187834879317,0.0,0.0,0,19.22,19.22,-0.542752885079721
TCGA-G3-A5SI,837.7750594052497,0.0,1.0,1,11.43,25.23,0.6112938244062138
TCGA-G3-A5SJ,835.9204508861503,0.0,1.0,0,10.12,22.93,0.1307543615659948
TCGA-G3-A5SL,651.5397801070122,1.0,0.0,0,20.4,20.4,0.0369399766051474
TCGA-G3-A5SM,472.5640767356342,0.0,1.0,0,8.28,17.08,-0.5922158346747732
TCGA-G3-A6UC,499.4695108740908,1.0,1.0,0,20.99,22.04,-0.3578112730695592
TCGA-G3-A7M5,551.9254179757555,0.0,0.0,0,14.68,14.68,-0.2357599228273774
TCGA-G3-A7M6,862.7435726324196,0.0,1.0,0,19.19,20.76,0.2770822951643902
TCGA-G3-A7M7,649.894793564524,0.0,0.0,0,11.86,11.86,-0.0672668350958972
TCGA-G3-A7M8,313.10774541177295,0.0,0.0,0,14.13,14.13,-0.9608959699701716
TCGA-G3-AAUZ,464.7732545205173,0.0,0.0,0,15.77,15.77,-0.6259548369711843
TCGA-G3-AAV0,456.56701588516364,0.0,0.0,0,15.64,15.64,-0.6404078472350919
TCGA-G3-AAV1,746.1686321346754,1.0,1.0,1,7.85,11.79,0.1736537537394199
TCGA-G3-AAV2,616.3256514743402,0.0,0.0,0,12.22,12.22,-0.1159064270607592
TCGA-G3-AAV3,569.6534968205112,0.0,0.0,0,13.53,13.53,-0.2841636866943499
TCGA-G3-AAV4,756.0549474615691,0.0,,1,,0.89,0.2034974372279744
TCGA-G3-AAV6,1145.0951656413863,1.0,1.0,1,1.45,2.14,1.1274215909437202
TCGA-G3-AAV7,1136.5470087440158,1.0,0.0,0,11.86,11.86,0.9788116117231016
TCGA-GJ-A3OU,372.1671556140027,0.0,1.0,0,28.88,28.88,-0.7814136603975418
TCGA-GJ-A6C0,679.5911783476101,1.0,,1,,1.02,-0.0095947148950777
TCGA-GJ-A9DB,554.5897187643982,0.0,,1,,2.2,-0.3692550904959079
TCGA-HP-A5MZ,363.1607572619821,0.0,,1,,2.99,-0.8772187927518106
TCGA-K7-A5RG,347.69131373485936,0.0,0.0,0,17.05,17.05,-0.7697736209284561
TCGA-K7-A6G5,473.383195904158,0.0,0.0,0,16.82,16.82,-0.5541885374507228
TCGA-K7-AAU7,830.5286522647073,1.0,1.0,0,1.91,11.79,0.0382510279632491
TCGA-KR-A7K0,544.5910632437809,0.0,,1,,2.14,-0.3706833618737872
TCGA-KR-A7K2,661.5673245239904,0.0,0.0,0,27.23,27.23,-0.1312111494271158
TCGA-KR-A7K7,979.771464245212,1.0,1.0,0,7.85,31.24,0.7872967843726963
TCGA-KR-A7K8,534.6788800478861,0.0,0.0,0,29.76,29.76,-0.3749023386612651
TCGA-LG-A6GG,706.0576035677135,1.0,0.0,0,12.71,12.71,0.1505218935501859
TCGA-LG-A9QC,773.3635022617976,1.0,0.0,0,13.96,13.96,0.213302246082866
TCGA-LG-A9QD,396.77558069412726,0.0,0.0,0,12.02,12.02,-0.7658944565749153
TCGA-MI-A75C,875.2395815534196,0.0,0.0,0,9.56,9.56,0.5843338911277579
TCGA-MI-A75E,450.30988299190494,1.0,0.0,0,16.66,16.66,-0.6106087800312828
TCGA-MI-A75G,663.6880671364814,0.0,0.0,0,22.93,22.93,0.1232240008186373
TCGA-MI-A75H,508.4611648166581,1.0,1.0,0,10.09,24.54,-0.425864204883869
TCGA-MR-A8JO,500.46692165916204,0.0,0.0,0,10.84,10.84,-0.6345545473603827
TCGA-NI-A4U2,396.46390659977976,0.0,1.0,1,42.21,58.84,-0.822449649660594
TCGA-NI-A8LF,468.1358665993689,0.0,0.0,0,26.25,26.25,-0.6115611628368683
TCGA-O8-A75V,687.6216002344332,0.0,0.0,0,17.67,17.67,0.0354919100004811
TCGA-QA-A7B7,851.1023187924075,1.0,1.0,0,2.89,3.09,0.4824918384924677
TCGA-RC-A6M3,1054.9922953539058,1.0,0.0,0,0.0,0.0,0.7792166720805263
TCGA-RC-A6M4,767.2792027436793,0.0,0.0,0,0.72,0.72,0.4537605155054404
TCGA-RC-A6M5,366.38363897774786,0.0,0.0,0,0.49,0.49,-0.9048309714517891
TCGA-RC-A6M6,1154.2580591452338,0.0,0.0,0,0.3,0.3,1.0618327660942195
TCGA-RC-A7S9,813.2284584586154,0.0,0.0,0,21.02,21.02,0.2258048087579572
TCGA-RC-A7SB,596.2048320057777,0.0,0.0,0,19.32,19.32,-0.1489411647179967
TCGA-RC-A7SF,741.1700315496141,0.0,1.0,0,16.49,19.02,0.1188974611907965
TCGA-RC-A7SH,1097.3684754685971,1.0,1.0,0,2.99,15.37,1.0670336971630745
TCGA-RC-A7SK,742.0917828536051,1.0,1.0,0,10.25,15.51,0.1698493830907484
TCGA-T1-A6J8,626.4325184896394,0.0,0.0,0,0.76,0.76,-0.0515647779387577
TCGA-UB-A7MA,1088.1220423076077,1.0,1.0,0,15.7,27.86,0.8004294127623299
TCGA-UB-A7MB,773.926100466232,1.0,1.0,0,1.58,19.74,0.3769854738764543
TCGA-UB-A7MC,889.1953947098638,1.0,1.0,0,11.79,16.43,0.6374490250095277
TCGA-UB-A7MD,572.8086032571216,1.0,,1,,1.71,-0.2342876312836713
TCGA-UB-A7ME,723.3505080684615,0.0,0.0,0,15.97,15.97,-0.0493298260866288
TCGA-UB-A7MF,744.3258151743049,1.0,1.0,1,4.37,7.03,0.0321796624444668
TCGA-UB-AA0U,582.81806304335,0.0,1.0,0,3.48,10.74,-0.3592115711399299
TCGA-UB-AA0V,23.618591373844765,0.0,0.0,0,10.32,10.32,-1.7375411852973008
TCGA-WJ-A86L,822.5138438676269,0.0,0.0,0,11.33,11.33,0.3668103347048559
TCGA-WQ-A9G7,1046.363260874953,0.0,0.0,0,0.99,0.99,0.8450395069208578
TCGA-WQ-AB4B,599.3128712888251,1.0,1.0,0,8.97,12.98,-0.2317072463497372
TCGA-WX-AA44,836.1006230330896,0.0,1.0,0,8.08,20.2,0.2640184940077165
TCGA-XR-A8TC,801.6098121142355,0.0,0.0,0,43.99,43.99,0.3727135542728526
TCGA-XR-A8TD,445.0237135444811,0.0,0.0,0,33.84,33.84,-0.6347167664936864
TCGA-XR-A8TE,663.3101221543812,0.0,1.0,0,6.9,30.39,-0.2511484370358698
TCGA-XR-A8TF,730.464255878859,0.0,1.0,1,7.59,22.77,0.2481704059776141
TCGA-XR-A8TG,687.5822999272395,0.0,1.0,0,11.5,29.5,-0.0623981914843801
TCGA-YA-A8S7,718.6982984765954,0.0,1.0,1,13.07,13.53,-0.0495429541991987
TCGA-ZP-A9CV,515.6254129760066,0.0,,1,,35.74,-0.4922009265453132
TCGA-ZP-A9CY,255.61656260239818,0.0,0.0,0,25.69,25.69,-1.1464863521583726
TCGA-ZP-A9CZ,725.4370395131657,0.0,0.0,0,23.19,23.19,-0.0229678658822216
TCGA-ZP-A9D0,521.1812590839427,0.0,0.0,0,35.84,35.84,-0.4867281773564302
TCGA-ZP-A9D1,538.5384151008515,0.0,0.0,0,0.69,0.69,-0.4475140045160412
TCGA-ZP-A9D2,831.7584533013751,1.0,1.0,1,10.35,25.13,0.1630832789617604
TCGA-ZP-A9D4,559.256406006756,0.0,0.0,0,12.98,12.98,-0.1865806920712366
TCGA-ZS-A9CD,590.1214437125907,0.0,1.0,1,12.19,45.53,-0.2636915091614305
TCGA-ZS-A9CE,557.9094829504608,1.0,1.0,0,29.3,40.77,-0.1198726293213114
TCGA-ZS-A9CF,535.4313918064219,1.0,1.0,0,20.89,79.24,-0.4522696305027398
TCGA-ZS-A9CG,493.65525684171064,1.0,0.0,0,11.2,11.2,-0.4807078739657861
