patient_id,vascular_invasion,dfs_status,dfs_months,os_status,os_months,ajcc_stage,age,sex,mvi,recurrence,death
TCGA-BC-4073,Macro,0:DiseaseFree,27.89,0:LIVING,27.89,Stage IIIA,73.0,Male,2.0,0.0,0
TCGA-BC-A10Q,None,1:Recurred/Progressed,11.17,1:DECEASED,37.29,,72.0,Female,0.0,1.0,1
TCGA-BC-A10R,Micro,1:Recurred/Progressed,6.54,1:DECEASED,10.12,,66.0,Female,1.0,1.0,1
TCGA-BC-A10S,Micro,1:Recurred/Progressed,37.12,1:DECEASED,46.75,,81.0,Male,1.0,1.0,1
TCGA-BC-A10T,None,1:Recurred/Progressed,19.65,1:DECEASED,27.5,,76.0,Male,0.0,1.0,1
TCGA-BC-A10U,,1:Recurred/Progressed,19.25,1:DECEASED,27.5,,69.0,Male,,1.0,1
TCGA-BC-A10W,,,,1:DECEASED,2.99,,50.0,Male,,,1
TCGA-BC-A10X,Micro,,,1:DECEASED,25.3,Stage IIIA,52.0,Female,1.0,,1
TCGA-BC-A10Y,Micro,1:Recurred/Progressed,13.14,1:DECEASED,23.36,,76.0,Male,1.0,1.0,1
TCGA-BC-A10Z,None,,,1:DECEASED,1.12,Stage I,62.0,Female,0.0,,1
TCGA-BC-A110,None,1:Recurred/Progressed,67.58,1:DECEASED,69.51,,51.0,Female,0.0,1.0,1
TCGA-BC-A112,None,,,1:DECEASED,5.03,,80.0,Male,0.0,,1
TCGA-CC-5258,None,,,1:DECEASED,4.24,Stage II,48.0,Male,0.0,,1
TCGA-CC-5260,None,,,1:DECEASED,2.86,Stage IIIC,61.0,Female,0.0,,1
TCGA-CC-5261,None,,,1:DECEASED,3.19,Stage II,44.0,Male,0.0,,1
TCGA-CC-5262,,,,1:DECEASED,3.38,Stage IIIC,67.0,Male,,,1
TCGA-CC-5263,None,,,1:DECEASED,4.24,Stage IIIA,35.0,Male,0.0,,1
TCGA-CC-5264,None,,,1:DECEASED,3.35,Stage IIIA,71.0,Male,0.0,,1
TCGA-CC-A123,None,1:Recurred/Progressed,4.76,0:LIVING,7.19,Stage IIIA,24.0,Female,0.0,1.0,0
TCGA-CC-A1HT,,,,1:DECEASED,3.32,Stage IIIA,50.0,Male,,,1
TCGA-DD-A113,Micro,1:Recurred/Progressed,55.06,0:LIVING,79.66,Stage II,55.0,Female,1.0,1.0,0
TCGA-DD-A114,Micro,,,1:DECEASED,37.75,Stage II,42.0,Male,1.0,,1
TCGA-DD-A115,None,1:Recurred/Progressed,15.41,1:DECEASED,83.51,Stage IIIA,53.0,Male,0.0,1.0,1
TCGA-DD-A116,,1:Recurred/Progressed,27.2,1:DECEASED,53.29,Stage IIIA,68.0,Male,,1.0,1
TCGA-DD-A118,None,1:Recurred/Progressed,21.62,0:LIVING,112.91,Stage II,77.0,Female,0.0,1.0,0
TCGA-DD-A119,Micro,,,1:DECEASED,7.33,Stage IV,40.0,Male,1.0,,1
TCGA-DD-A11A,None,0:DiseaseFree,2.6,0:LIVING,2.6,Stage I,67.0,Male,0.0,0.0,0
TCGA-DD-A11B,None,,,1:DECEASED,0.46,Stage I,73.0,Male,0.0,,1
TCGA-DD-A11C,None,0:DiseaseFree,21.75,0:LIVING,21.75,Stage I,69.0,Male,0.0,0.0,0
TCGA-DD-A11D,None,1:Recurred/Progressed,16.36,1:DECEASED,51.25,Stage I,57.0,Female,0.0,1.0,1
TCGA-DD-A1EA,Micro,1:Recurred/Progressed,24.77,0:LIVING,79.34,Stage II,68.0,Male,1.0,1.0,0
TCGA-DD-A1EB,None,1:Recurred/Progressed,23.95,0:LIVING,66.26,Stage I,72.0,Female,0.0,1.0,0
TCGA-DD-A1EC,None,1:Recurred/Progressed,9.82,0:LIVING,19.78,Stage I,20.0,Female,0.0,1.0,0
TCGA-DD-A1EE,None,1:Recurred/Progressed,1.45,1:DECEASED,11.47,Stage IIIA,73.0,Male,0.0,1.0,1
TCGA-DD-A1EF,None,,,1:DECEASED,12.94,Stage I,57.0,Female,0.0,,1
TCGA-DD-A1EH,Macro,1:Recurred/Progressed,3.94,0:LIVING,49.11,Stage III,23.0,Male,2.0,1.0,0
TCGA-DD-A1EI,None,0:DiseaseFree,6.01,0:LIVING,6.01,Stage I,46.0,Male,0.0,0.0,0
TCGA-EP-A12J,None,0:DiseaseFree,18.73,0:LIVING,18.73,Stage I,62.0,Male,0.0,0.0,0
TCGA-BC-4072,Macro,1:Recurred/Progressed,15.6,1:DECEASED,48.95,Stage IIIA,74.0,Female,2.0,1.0,1
TCGA-BC-A216,None,0:DiseaseFree,44.38,0:LIVING,44.38,Stage IIIA,62.0,Female,0.0,0.0,0
TCGA-BC-A217,Micro,,,1:DECEASED,45.89,Stage II,75.0,Female,1.0,,1
TCGA-DD-A1E9,None,1:Recurred/Progressed,60.38,1:DECEASED,90.64,Stage I,70.0,Male,0.0,1.0,1
TCGA-DD-A1ED,None,0:DiseaseFree,75.59,0:LIVING,75.59,Stage I,68.0,Male,0.0,0.0,0
TCGA-DD-A1EJ,None,1:Recurred/Progressed,8.64,1:DECEASED,33.02,Stage IIIC,71.0,Female,0.0,1.0,1
TCGA-DD-A1EL,None,,,1:DECEASED,13.63,Stage II,23.0,Male,0.0,,1
TCGA-EP-A26S,None,0:DiseaseFree,19.97,0:LIVING,19.97,Stage I,70.0,Male,0.0,0.0,0
TCGA-FV-A23B,,1:Recurred/Progressed,47.73,1:DECEASED,60.84,Stage II,70.0,Female,,1.0,1
TCGA-G3-A25S,Micro,1:Recurred/Progressed,1.22,1:DECEASED,13.67,Stage I,64.0,Male,1.0,1.0,1
TCGA-G3-A25T,None,1:Recurred/Progressed,14.85,0:LIVING,51.02,Stage IIIA,45.0,Female,0.0,1.0,0
TCGA-G3-A25U,None,0:DiseaseFree,53.75,0:LIVING,53.75,Stage I,63.0,Female,0.0,0.0,0
TCGA-G3-A25V,None,1:Recurred/Progressed,16.06,0:LIVING,28.25,Stage I,68.0,Male,0.0,1.0,0
TCGA-G3-A25W,Macro,0:DiseaseFree,30.72,0:LIVING,30.72,Stage IIIB,79.0,Female,2.0,0.0,0
TCGA-G3-A25X,None,0:DiseaseFree,58.44,0:LIVING,58.44,Stage II,73.0,Male,0.0,0.0,0
TCGA-G3-A25Y,None,1:Recurred/Progressed,11.66,1:DECEASED,14.85,Stage I,52.0,Female,0.0,1.0,1
TCGA-G3-A25Z,None,0:DiseaseFree,21.52,0:LIVING,21.52,Stage I,58.0,Male,0.0,0.0,0
TCGA-EP-A2KA,,1:Recurred/Progressed,14.22,1:DECEASED,20.6,Stage IIIA,52.0,Female,,1.0,1
TCGA-EP-A2KB,None,1:Recurred/Progressed,5.29,1:DECEASED,19.58,Stage I,46.0,Female,0.0,1.0,1
TCGA-ES-A2HS,None,,,1:DECEASED,22.6,Stage I,80.0,Male,0.0,,1
TCGA-ES-A2HT,None,,,1:DECEASED,14.39,Stage I,54.0,Male,0.0,,1
TCGA-BC-A3KF,None,0:DiseaseFree,0.26,0:LIVING,0.26,Stage I,66.0,Female,0.0,0.0,0
TCGA-BC-A3KG,Micro,1:Recurred/Progressed,6.87,0:LIVING,22.34,Stage II,68.0,Female,1.0,1.0,0
TCGA-BD-A2L6,Micro,1:Recurred/Progressed,13.63,0:LIVING,44.78,,69.0,Male,1.0,1.0,0
TCGA-BD-A3ER,None,1:Recurred/Progressed,7.42,0:LIVING,36.63,Stage II,62.0,Male,0.0,1.0,0
TCGA-CC-5259,,1:Recurred/Progressed,5.91,0:LIVING,8.21,Stage IIIC,60.0,Female,,1.0,0
TCGA-CC-A3M9,,1:Recurred/Progressed,7.19,1:DECEASED,9.86,Stage IIIA,45.0,Male,,1.0,1
TCGA-CC-A3MA,,1:Recurred/Progressed,8.57,1:DECEASED,9.95,Stage IIIA,61.0,Male,,1.0,1
TCGA-CC-A3MB,,1:Recurred/Progressed,8.54,1:DECEASED,10.35,Stage IIIA,36.0,Male,,1.0,1
TCGA-DD-A1EG,None,1:Recurred/Progressed,33.05,1:DECEASED,45.07,Stage I,76.0,Male,0.0,1.0,1
TCGA-DD-A1EK,None,1:Recurred/Progressed,5.49,1:DECEASED,18.33,Stage IVB,64.0,Female,0.0,1.0,1
TCGA-DD-A39V,None,1:Recurred/Progressed,14.95,1:DECEASED,21.12,Stage II,77.0,Male,0.0,1.0,1
TCGA-DD-A39W,None,,,1:DECEASED,27.17,Stage III,29.0,Female,0.0,,1
TCGA-DD-A39X,None,1:Recurred/Progressed,33.9,1:DECEASED,55.65,Stage I,78.0,Female,0.0,1.0,1
TCGA-DD-A39Y,None,,,1:DECEASED,5.62,Stage I,67.0,Male,0.0,,1
TCGA-DD-A39Z,None,,,1:DECEASED,19.74,Stage II,43.0,Female,0.0,,1
TCGA-DD-A3A0,None,1:Recurred/Progressed,11.79,1:DECEASED,25.79,Stage I,70.0,Male,0.0,1.0,1
TCGA-DD-A3A1,Macro,,,1:DECEASED,7.65,Stage IIIA,65.0,Male,2.0,,1
TCGA-DD-A3A2,None,,,1:DECEASED,70.01,Stage I,76.0,Female,0.0,,1
TCGA-EP-A2KC,None,,,1:DECEASED,0.62,Stage I,62.0,Male,0.0,,1
TCGA-EP-A3JL,None,0:DiseaseFree,9.95,0:LIVING,9.95,Stage I,76.0,Male,0.0,0.0,0
TCGA-FV-A2QR,,1:Recurred/Progressed,18.43,1:DECEASED,19.09,Stage I,75.0,Male,,1.0,1
TCGA-G3-A3CG,Micro,1:Recurred/Progressed,10.81,0:LIVING,22.11,Stage I,80.0,Male,1.0,1.0,0
TCGA-G3-A3CI,None,0:DiseaseFree,5.91,0:LIVING,5.91,Stage I,71.0,Male,0.0,0.0,0
TCGA-G3-A3CJ,Micro,1:Recurred/Progressed,9.72,0:LIVING,19.51,Stage II,52.0,Male,1.0,1.0,0
TCGA-G3-A3CK,None,0:DiseaseFree,19.22,0:LIVING,19.22,Stage I,61.0,Male,0.0,0.0,0
TCGA-BD-A3EP,None,0:DiseaseFree,13.44,0:LIVING,13.44,Stage I,75.0,Female,0.0,0.0,0
TCGA-CC-A3MC,,1:Recurred/Progressed,9.76,0:LIVING,11.93,Stage IIIA,54.0,Male,,1.0,0
TCGA-DD-A3A3,Macro,,,1:DECEASED,17.58,Stage I,45.0,Male,2.0,,1
TCGA-DD-A3A4,None,1:Recurred/Progressed,2.86,1:DECEASED,20.11,Stage IIIA,37.0,Male,0.0,1.0,1
TCGA-DD-A3A5,None,1:Recurred/Progressed,2.76,1:DECEASED,102.66,Stage III,66.0,Female,0.0,1.0,1
TCGA-DD-A3A6,Micro,,,1:DECEASED,107.03,Stage II,72.0,Female,1.0,,1
TCGA-DD-A3A7,Micro,1:Recurred/Progressed,4.73,1:DECEASED,13.76,Stage IIIB,67.0,Male,1.0,1.0,1
TCGA-DD-A3A8,None,,,1:DECEASED,0.36,Stage II,75.0,Male,0.0,,1
TCGA-EP-A3RK,,1:Recurred/Progressed,10.51,0:LIVING,11.93,Stage IIIA,73.0,Male,,1.0,0
TCGA-FV-A2QQ,None,0:DiseaseFree,23.95,0:LIVING,23.95,Stage I,80.0,Male,0.0,0.0,0
TCGA-FV-A3I0,Micro,1:Recurred/Progressed,5.22,0:LIVING,27.86,Stage II,76.0,Female,1.0,1.0,0
TCGA-FV-A3I1,Micro,,,1:DECEASED,8.11,Stage II,81.0,Female,1.0,,1
TCGA-FV-A3R2,,,,1:DECEASED,6.37,Stage I,75.0,Male,,,1
TCGA-FV-A3R3,None,,,1:DECEASED,12.02,Stage I,38.0,Female,0.0,,1
TCGA-G3-A3CH,None,1:Recurred/Progressed,18.33,0:LIVING,25.62,Stage IIIA,53.0,Male,0.0,1.0,0
TCGA-DD-A3A9,None,1:Recurred/Progressed,9.49,1:DECEASED,30.58,Stage IVB,64.0,Female,0.0,1.0,1
TCGA-DD-A4NA,,0:DiseaseFree,33.11,0:LIVING,33.11,Stage IIIC,67.0,Female,,0.0,0
TCGA-DD-A4NB,None,1:Recurred/Progressed,29.96,0:LIVING,32.49,Stage I,25.0,Male,0.0,1.0,0
TCGA-DD-A4ND,None,1:Recurred/Progressed,0.66,0:LIVING,90.21,Stage I,56.0,Female,0.0,1.0,0
TCGA-ED-A459,Micro,0:DiseaseFree,29.89,0:LIVING,29.89,Stage II,47.0,Male,1.0,0.0,0
TCGA-ED-A4XI,Micro,0:DiseaseFree,26.91,0:LIVING,26.91,Stage II,58.0,Male,1.0,0.0,0
TCGA-FV-A495,None,0:DiseaseFree,0.03,0:LIVING,0.03,Stage II,51.0,Female,0.0,0.0,0
TCGA-FV-A496,None,0:DiseaseFree,0.33,0:LIVING,0.33,Stage I,84.0,Female,0.0,0.0,0
TCGA-FV-A4ZP,Micro,,,1:DECEASED,81.67,Stage IIIA,78.0,Male,1.0,,1
TCGA-FV-A4ZQ,None,0:DiseaseFree,0.39,0:LIVING,0.39,Stage I,52.0,Male,0.0,0.0,0
TCGA-MR-A520,,0:DiseaseFree,7.52,0:LIVING,7.52,Stage I,58.0,Male,,0.0,0
TCGA-BW-A5NO,None,0:DiseaseFree,0.66,0:LIVING,0.66,Stage IIIA,50.0,Male,0.0,0.0,0
TCGA-BW-A5NP,Micro,1:Recurred/Progressed,3.35,0:LIVING,0.0,Stage IV,26.0,Female,1.0,1.0,0
TCGA-BW-A5NQ,None,0:DiseaseFree,0.0,0:LIVING,0.0,Stage I,63.0,Male,0.0,0.0,0
TCGA-DD-A4NE,None,1:Recurred/Progressed,6.24,1:DECEASED,21.68,Stage IIIA,75.0,Female,0.0,1.0,1
TCGA-DD-A4NF,None,1:Recurred/Progressed,21.55,0:LIVING,30.95,Stage I,72.0,Male,0.0,1.0,0
TCGA-DD-A4NG,Micro,1:Recurred/Progressed,14.13,1:DECEASED,26.35,Stage IIIA,77.0,Male,1.0,1.0,1
TCGA-DD-A4NH,Macro,1:Recurred/Progressed,5.29,0:LIVING,30.12,Stage IIIB,65.0,Female,2.0,1.0,0
TCGA-DD-A4NI,None,0:DiseaseFree,26.81,0:LIVING,26.81,Stage II,67.0,Male,0.0,0.0,0
TCGA-DD-A4NJ,None,1:Recurred/Progressed,18.17,0:LIVING,30.49,Stage II,54.0,Female,0.0,1.0,0
TCGA-ED-A5KG,Micro,1:Recurred/Progressed,3.61,0:LIVING,28.06,Stage II,60.0,Female,1.0,1.0,0
TCGA-G3-A5SI,None,1:Recurred/Progressed,11.43,1:DECEASED,25.23,Stage II,44.0,Male,0.0,1.0,1
TCGA-G3-A5SJ,None,1:Recurred/Progressed,10.12,0:LIVING,22.93,Stage I,59.0,Male,0.0,1.0,0
TCGA-G3-A5SK,,1:Recurred/Progressed,20.24,0:LIVING,24.44,Stage I,58.0,Male,,1.0,0
TCGA-G3-A5SL,Micro,0:DiseaseFree,20.4,0:LIVING,20.4,Stage II,70.0,Male,1.0,0.0,0
TCGA-HP-A5MZ,None,,,1:DECEASED,2.99,Stage I,78.0,Male,0.0,,1
TCGA-PD-A5DF,,,,1:DECEASED,20.99,Stage IIIB,58.0,Female,,,1
TCGA-BC-A5W4,Micro,1:Recurred/Progressed,12.61,1:DECEASED,17.97,Stage IIIA,69.0,Male,1.0,1.0,1
TCGA-CC-A5UC,,1:Recurred/Progressed,10.25,1:DECEASED,11.4,Stage IIIA,63.0,Male,,1.0,1
TCGA-CC-A5UD,,1:Recurred/Progressed,5.98,1:DECEASED,9.99,Stage IIIA,45.0,Male,,1.0,1
TCGA-CC-A5UE,,1:Recurred/Progressed,5.75,1:DECEASED,8.94,Stage IIIB,48.0,Male,,1.0,1
TCGA-DD-A4NK,None,1:Recurred/Progressed,2.92,1:DECEASED,39.75,Stage IIIA,80.0,Female,0.0,1.0,1
TCGA-DD-A4NL,None,0:DiseaseFree,56.21,0:LIVING,56.21,Stage I,46.0,Male,0.0,0.0,0
TCGA-DD-A4NN,None,1:Recurred/Progressed,5.45,1:DECEASED,29.53,Stage I,56.0,Female,0.0,1.0,1
TCGA-DD-A4NO,None,1:Recurred/Progressed,73.62,0:LIVING,73.75,Stage I,65.0,Male,0.0,1.0,0
TCGA-DD-A4NP,None,1:Recurred/Progressed,90.08,0:LIVING,108.67,Stage I,32.0,Male,0.0,1.0,0
TCGA-DD-A4NQ,Macro,1:Recurred/Progressed,4.14,1:DECEASED,12.25,Stage II,60.0,Male,2.0,1.0,1
TCGA-G3-A5SM,None,1:Recurred/Progressed,8.28,0:LIVING,17.08,Stage II,58.0,Male,0.0,1.0,0
TCGA-HP-A5N0,,1:Recurred/Progressed,6.08,1:DECEASED,37.68,,90.0,Female,,1.0,1
TCGA-K7-A5RF,,1:Recurred/Progressed,6.73,0:LIVING,20.73,Stage I,64.0,Male,,1.0,0
TCGA-K7-A5RG,None,0:DiseaseFree,17.05,0:LIVING,17.05,Stage I,66.0,Male,0.0,0.0,0
TCGA-NI-A4U2,None,1:Recurred/Progressed,42.21,1:DECEASED,58.84,Stage IIIA,71.0,Male,0.0,1.0,1
TCGA-BC-A69H,Micro,0:DiseaseFree,14.59,0:LIVING,14.59,Stage II,64.0,Male,1.0,0.0,0
TCGA-BC-A69I,None,0:DiseaseFree,12.71,0:LIVING,12.71,Stage I,69.0,Male,0.0,0.0,0
TCGA-DD-A4NR,None,,,1:DECEASED,0.3,Stage I,85.0,Female,0.0,,1
TCGA-DD-A4NS,None,1:Recurred/Progressed,35.84,1:DECEASED,80.68,Stage I,61.0,Female,0.0,1.0,1
TCGA-DD-A4NV,None,0:DiseaseFree,78.78,0:LIVING,78.78,Stage IIIA,61.0,Male,0.0,0.0,0
TCGA-ED-A627,,0:DiseaseFree,13.9,0:LIVING,13.9,Stage I,74.0,Male,,0.0,0
TCGA-ED-A66X,Micro,1:Recurred/Progressed,4.07,0:LIVING,13.34,Stage IIIA,35.0,Male,1.0,1.0,0
TCGA-ED-A66Y,Micro,,,1:DECEASED,9.72,Stage IIIA,51.0,Female,1.0,,1
TCGA-GJ-A6C0,Micro,,,1:DECEASED,1.02,Stage II,75.0,Female,1.0,,1
TCGA-K7-A6G5,None,0:DiseaseFree,16.82,0:LIVING,16.82,Stage I,66.0,Male,0.0,0.0,0
TCGA-LG-A6GG,Micro,0:DiseaseFree,12.71,0:LIVING,12.71,Stage II,79.0,Female,1.0,0.0,0
TCGA-DD-A73A,None,0:DiseaseFree,23.92,0:LIVING,23.92,Stage I,71.0,Male,0.0,0.0,0
TCGA-DD-A73B,None,1:Recurred/Progressed,7.88,1:DECEASED,9.3,Stage I,72.0,Female,0.0,1.0,1
TCGA-DD-A73D,Micro,1:Recurred/Progressed,19.45,0:LIVING,22.77,Stage II,68.0,Female,1.0,1.0,0
TCGA-DD-A73E,None,0:DiseaseFree,1.45,0:LIVING,1.45,Stage I,66.0,Male,0.0,0.0,0
TCGA-DD-A73F,None,0:DiseaseFree,35.64,0:LIVING,35.64,Stage I,77.0,Female,0.0,0.0,0
TCGA-DD-A73G,None,0:DiseaseFree,114.26,0:LIVING,114.26,Stage I,73.0,Female,0.0,0.0,0
TCGA-MI-A75C,None,0:DiseaseFree,9.56,0:LIVING,9.56,Stage I,64.0,Male,0.0,0.0,0
TCGA-MI-A75E,Micro,0:DiseaseFree,16.66,0:LIVING,16.66,Stage IIIC,61.0,Male,1.0,0.0,0
TCGA-MI-A75G,None,0:DiseaseFree,22.93,0:LIVING,22.93,Stage II,63.0,Male,0.0,0.0,0
TCGA-MI-A75H,Micro,1:Recurred/Progressed,10.09,0:LIVING,24.54,,77.0,Male,1.0,1.0,0
TCGA-MI-A75I,,1:Recurred/Progressed,8.71,0:LIVING,20.7,,61.0,Male,,1.0,0
TCGA-O8-A75V,None,0:DiseaseFree,17.67,0:LIVING,17.67,Stage I,54.0,Male,0.0,0.0,0
TCGA-QA-A7B7,Micro,1:Recurred/Progressed,2.89,0:LIVING,3.09,Stage II,48.0,Male,1.0,1.0,0
TCGA-RC-A6M3,Micro,0:DiseaseFree,0.0,0:LIVING,0.0,Stage II,24.0,Male,1.0,0.0,0
TCGA-RC-A6M4,None,0:DiseaseFree,0.72,0:LIVING,0.72,Stage IIIA,74.0,Female,0.0,0.0,0
TCGA-RC-A6M5,None,0:DiseaseFree,0.49,0:LIVING,0.49,Stage IVA,20.0,Female,0.0,0.0,0
TCGA-RC-A6M6,None,0:DiseaseFree,0.3,0:LIVING,0.3,Stage II,75.0,Male,0.0,0.0,0
TCGA-T1-A6J8,None,0:DiseaseFree,0.76,0:LIVING,0.76,,68.0,Male,0.0,0.0,0
TCGA-CC-A7IF,,1:Recurred/Progressed,8.34,1:DECEASED,21.32,Stage IIIA,59.0,Male,,1.0,1
TCGA-CC-A7IG,,1:Recurred/Progressed,6.41,1:DECEASED,9.82,Stage II,47.0,Male,,1.0,1
TCGA-CC-A7IH,,0:DiseaseFree,11.99,0:LIVING,11.99,Stage IIIA,58.0,Male,,0.0,0
TCGA-CC-A7II,,1:Recurred/Progressed,9.13,0:LIVING,13.11,Stage IIIA,54.0,Male,,1.0,0
TCGA-DD-A73C,None,1:Recurred/Progressed,18.59,0:LIVING,23.03,Stage IIIA,65.0,Female,0.0,1.0,0
TCGA-G3-A6UC,Micro,1:Recurred/Progressed,20.99,0:LIVING,22.04,Stage IIIB,65.0,Male,1.0,1.0,0
TCGA-KR-A7K7,Micro,1:Recurred/Progressed,7.85,0:LIVING,31.24,Stage II,61.0,Female,1.0,1.0,0
TCGA-KR-A7K8,None,0:DiseaseFree,29.76,0:LIVING,29.76,Stage I,57.0,Male,0.0,0.0,0
TCGA-UB-A7ME,None,0:DiseaseFree,15.97,0:LIVING,15.97,Stage I,51.0,Male,0.0,0.0,0
TCGA-UB-A7MF,Micro,1:Recurred/Progressed,4.37,1:DECEASED,7.03,Stage IIIA,56.0,Male,1.0,1.0,1
TCGA-CC-A7IJ,,0:DiseaseFree,12.55,0:LIVING,12.55,Stage II,56.0,Male,,0.0,0
TCGA-CC-A7IK,,1:Recurred/Progressed,4.93,1:DECEASED,8.61,Stage IIIA,59.0,Male,,1.0,1
TCGA-CC-A7IL,,1:Recurred/Progressed,5.88,1:DECEASED,9.13,Stage IIIA,61.0,Male,,1.0,1
TCGA-ED-A7PY,Micro,0:DiseaseFree,12.81,0:LIVING,12.81,Stage II,20.0,Female,1.0,0.0,0
TCGA-ED-A7PZ,Micro,0:DiseaseFree,0.2,0:LIVING,0.2,Stage II,61.0,Male,1.0,0.0,0
TCGA-G3-A7M5,None,0:DiseaseFree,14.68,0:LIVING,14.68,Stage I,76.0,Male,0.0,0.0,0
TCGA-G3-A7M6,None,1:Recurred/Progressed,19.19,0:LIVING,20.76,Stage I,60.0,Female,0.0,1.0,0
TCGA-G3-A7M8,None,0:DiseaseFree,14.13,0:LIVING,14.13,Stage I,31.0,Male,0.0,0.0,0
TCGA-KR-A7K0,None,,,1:DECEASED,2.14,Stage I,65.0,Male,0.0,,1
TCGA-KR-A7K2,None,0:DiseaseFree,27.23,0:LIVING,27.23,Stage I,64.0,Male,0.0,0.0,0
TCGA-RC-A7S9,None,0:DiseaseFree,21.02,0:LIVING,21.02,Stage I,47.0,Female,0.0,0.0,0
TCGA-RG-A7D4,,0:DiseaseFree,36.07,0:LIVING,36.07,Stage II,69.0,Male,,0.0,0
TCGA-UB-A7MA,Micro,1:Recurred/Progressed,15.7,0:LIVING,27.86,Stage II,62.0,Female,1.0,1.0,0
TCGA-UB-A7MB,Micro,1:Recurred/Progressed,1.58,0:LIVING,19.74,Stage II,24.0,Male,1.0,1.0,0
TCGA-UB-A7MC,Micro,1:Recurred/Progressed,11.79,0:LIVING,16.43,Stage IIIA,59.0,Male,1.0,1.0,0
TCGA-ED-A7PX,Micro,0:DiseaseFree,0.2,0:LIVING,0.2,Stage II,48.0,Female,1.0,0.0,0
TCGA-ED-A7XO,Micro,1:Recurred/Progressed,8.61,0:LIVING,14.03,Stage IIIA,29.0,Male,1.0,1.0,0
TCGA-ED-A7XP,Micro,1:Recurred/Progressed,6.14,0:LIVING,13.14,Stage II,53.0,Female,1.0,1.0,0
TCGA-ED-A82E,Micro,0:DiseaseFree,13.4,0:LIVING,13.4,Stage IIIA,60.0,Female,1.0,0.0,0
TCGA-G3-A7M7,None,0:DiseaseFree,11.86,0:LIVING,11.86,Stage I,65.0,Male,0.0,0.0,0
TCGA-G3-A7M9,Macro,,,1:DECEASED,1.84,Stage IIIB,70.0,Male,2.0,,1
TCGA-RC-A7SB,None,0:DiseaseFree,19.32,0:LIVING,19.32,Stage II,53.0,Male,0.0,0.0,0
TCGA-RC-A7SF,None,1:Recurred/Progressed,16.49,0:LIVING,19.02,Stage I,66.0,Male,0.0,1.0,0
TCGA-RC-A7SK,Micro,1:Recurred/Progressed,10.25,0:LIVING,15.51,Stage I,59.0,Male,1.0,1.0,0
TCGA-UB-A7MD,Micro,,,1:DECEASED,1.71,Stage I,67.0,Male,1.0,,1
TCGA-CC-A8HS,,1:Recurred/Progressed,6.6,1:DECEASED,9.86,Stage IIIC,18.0,Male,,1.0,1
TCGA-CC-A8HT,,1:Recurred/Progressed,2.73,1:DECEASED,4.6,Stage IIIA,74.0,Male,,1.0,1
TCGA-CC-A8HU,,1:Recurred/Progressed,9.89,1:DECEASED,11.3,Stage IIIA,39.0,Female,,1.0,1
TCGA-CC-A8HV,,1:Recurred/Progressed,7.92,1:DECEASED,9.17,Stage II,51.0,Female,,1.0,1
TCGA-ED-A8O5,Micro,0:DiseaseFree,13.34,0:LIVING,13.34,Stage IIIA,59.0,Female,1.0,0.0,0
TCGA-ED-A8O6,Micro,,,1:DECEASED,1.84,Stage IIIA,50.0,Female,1.0,,1
TCGA-MR-A8JO,None,0:DiseaseFree,10.84,0:LIVING,10.84,Stage I,34.0,Male,0.0,0.0,0
TCGA-NI-A8LF,None,0:DiseaseFree,26.25,0:LIVING,26.25,Stage I,74.0,Male,0.0,0.0,0
TCGA-XR-A8TC,None,0:DiseaseFree,43.99,0:LIVING,43.99,Stage I,43.0,Female,0.0,0.0,0
TCGA-XR-A8TE,None,1:Recurred/Progressed,6.9,0:LIVING,30.39,Stage IIIA,16.0,Male,0.0,1.0,0
TCGA-XR-A8TF,None,1:Recurred/Progressed,7.59,1:DECEASED,22.77,Stage I,74.0,Male,0.0,1.0,1
TCGA-XR-A8TG,None,1:Recurred/Progressed,11.5,0:LIVING,29.5,Stage I,58.0,Male,0.0,1.0,0
TCGA-2V-A95S,Micro,0:DiseaseFree,,0:LIVING,,Stage II,,Male,1.0,0.0,0
TCGA-5C-A9VG,Micro,0:DiseaseFree,10.78,0:LIVING,10.78,Stage II,58.0,Male,1.0,0.0,0
TCGA-5C-A9VH,None,0:DiseaseFree,10.58,0:LIVING,10.58,Stage I,70.0,Male,0.0,0.0,0
TCGA-BC-A8YO,Macro,1:Recurred/Progressed,7.23,0:LIVING,18.46,Stage IIIC,66.0,Female,2.0,1.0,0
TCGA-CC-A9FS,,1:Recurred/Progressed,3.58,0:LIVING,6.93,Stage II,55.0,Male,,1.0,0
TCGA-CC-A9FU,,0:DiseaseFree,0.0,0:LIVING,0.0,Stage IIIA,52.0,Female,,0.0,0
TCGA-CC-A9FV,,0:DiseaseFree,0.0,0:LIVING,0.0,Stage IIIA,57.0,Male,,0.0,0
TCGA-CC-A9FW,,1:Recurred/Progressed,5.03,0:LIVING,8.15,Stage IIIA,68.0,Male,,1.0,0
TCGA-DD-AA3A,None,,,1:DECEASED,13.47,Stage I,81.0,Female,0.0,,1
TCGA-G3-AAV0,None,0:DiseaseFree,15.64,0:LIVING,15.64,Stage I,58.0,Male,0.0,0.0,0
TCGA-G3-AAV2,None,0:DiseaseFree,12.22,0:LIVING,12.22,Stage I,50.0,Male,0.0,0.0,0
TCGA-G3-AAV3,None,0:DiseaseFree,13.53,0:LIVING,13.53,Stage II,58.0,Female,0.0,0.0,0
TCGA-G3-AAV5,Macro,1:Recurred/Progressed,8.74,0:LIVING,11.63,Stage II,67.0,Male,2.0,1.0,0
TCGA-G3-AAV6,Micro,1:Recurred/Progressed,1.45,1:DECEASED,2.14,Stage IIIA,53.0,Female,1.0,1.0,1
TCGA-GJ-A9DB,None,,,1:DECEASED,2.2,Stage I,68.0,Male,0.0,,1
TCGA-LG-A9QC,Micro,0:DiseaseFree,13.96,0:LIVING,13.96,Stage I,48.0,Male,1.0,0.0,0
TCGA-WQ-A9G7,None,0:DiseaseFree,0.99,0:LIVING,0.99,,71.0,Female,0.0,0.0,0
TCGA-YA-A8S7,None,1:Recurred/Progressed,13.07,1:DECEASED,13.53,Stage IIIA,68.0,Male,0.0,1.0,1
TCGA-ZP-A9D0,None,0:DiseaseFree,35.84,0:LIVING,35.84,,67.0,Female,0.0,0.0,0
TCGA-ZP-A9D4,None,0:DiseaseFree,12.98,0:LIVING,12.98,,64.0,Female,0.0,0.0,0
TCGA-ZS-A9CD,None,1:Recurred/Progressed,12.19,1:DECEASED,45.53,Stage II,73.0,Male,0.0,1.0,1
TCGA-ZS-A9CE,Micro,1:Recurred/Progressed,29.3,0:LIVING,40.77,Stage II,79.0,Female,1.0,1.0,0
TCGA-ZS-A9CG,Micro,0:DiseaseFree,11.2,0:LIVING,11.2,Stage II,55.0,Male,1.0,0.0,0
TCGA-2Y-A9GS,,1:Recurred/Progressed,3.35,1:DECEASED,23.78,,58.0,Male,,1.0,1
TCGA-2Y-A9GT,None,1:Recurred/Progressed,35.58,1:DECEASED,53.35,Stage I,51.0,Male,0.0,1.0,1
TCGA-2Y-A9GU,,0:DiseaseFree,63.7,0:LIVING,63.7,Stage I,55.0,Female,,0.0,0
TCGA-2Y-A9GV,,1:Recurred/Progressed,71.91,1:DECEASED,83.18,Stage I,54.0,Female,,1.0,1
TCGA-2Y-A9GW,,1:Recurred/Progressed,40.37,1:DECEASED,41.75,Stage I,64.0,Male,,1.0,1
TCGA-2Y-A9GX,,1:Recurred/Progressed,70.07,0:LIVING,80.22,Stage I,68.0,Male,,1.0,0
TCGA-2Y-A9GY,,1:Recurred/Progressed,20.93,1:DECEASED,24.87,Stage II,64.0,Female,,1.0,1
TCGA-2Y-A9H0,,0:DiseaseFree,120.73,0:LIVING,120.73,Stage IIIA,49.0,Male,,0.0,0
TCGA-2Y-A9H1,,1:Recurred/Progressed,25.3,1:DECEASED,40.37,Stage I,58.0,Male,,1.0,1
TCGA-2Y-A9H2,None,0:DiseaseFree,56.87,0:LIVING,56.87,Stage I,64.0,Female,0.0,0.0,0
TCGA-2Y-A9H3,Micro,1:Recurred/Progressed,0.72,0:LIVING,49.8,Stage II,45.0,Male,1.0,1.0,0
TCGA-2Y-A9H4,None,0:DiseaseFree,47.7,0:LIVING,47.7,Stage I,68.0,Male,0.0,0.0,0
TCGA-2Y-A9H5,None,1:Recurred/Progressed,8.48,1:DECEASED,18.23,Stage I,59.0,Female,0.0,1.0,1
TCGA-4R-AA8I,Micro,1:Recurred/Progressed,8.11,1:DECEASED,8.61,Stage II,66.0,Male,1.0,1.0,1
TCGA-5R-AA1D,Micro,0:DiseaseFree,14.75,0:LIVING,14.75,Stage IIIA,17.0,Female,1.0,0.0,0
TCGA-CC-A7IE,,1:Recurred/Progressed,5.55,1:DECEASED,7.13,Stage IIIA,57.0,Male,,1.0,1
TCGA-ED-A97K,Micro,0:DiseaseFree,0.2,0:LIVING,0.2,Stage IIIA,54.0,Male,1.0,0.0,0
TCGA-G3-AAUZ,None,0:DiseaseFree,15.77,0:LIVING,15.77,Stage I,48.0,Male,0.0,0.0,0
TCGA-G3-AAV1,Micro,1:Recurred/Progressed,7.85,1:DECEASED,11.79,Stage IIIC,51.0,Male,1.0,1.0,1
TCGA-G3-AAV4,None,,,1:DECEASED,0.89,Stage I,83.0,Female,0.0,,1
TCGA-G3-AAV7,Micro,0:DiseaseFree,11.86,0:LIVING,11.86,Stage II,38.0,Male,1.0,0.0,0
TCGA-GJ-A3OU,None,1:Recurred/Progressed,28.88,0:LIVING,28.88,Stage I,59.0,Male,0.0,1.0,0
TCGA-K7-AAU7,Micro,1:Recurred/Progressed,1.91,0:LIVING,11.79,Stage II,61.0,Male,1.0,1.0,0
TCGA-LG-A9QD,None,0:DiseaseFree,12.02,0:LIVING,12.02,Stage IIIA,68.0,Male,0.0,0.0,0
TCGA-RC-A7SH,Micro,1:Recurred/Progressed,2.99,0:LIVING,15.37,Stage II,42.0,Male,1.0,1.0,0
TCGA-UB-AA0U,None,1:Recurred/Progressed,3.48,0:LIVING,10.74,Stage II,60.0,Male,0.0,1.0,0
TCGA-UB-AA0V,None,0:DiseaseFree,10.32,0:LIVING,10.32,Stage I,69.0,Female,0.0,0.0,0
TCGA-ZP-A9CV,None,,,1:DECEASED,35.74,,59.0,Male,0.0,,1
TCGA-ZP-A9CY,None,0:DiseaseFree,25.69,0:LIVING,25.69,,66.0,Female,0.0,0.0,0
TCGA-ZP-A9CZ,None,0:DiseaseFree,23.19,0:LIVING,23.19,,72.0,Male,0.0,0.0,0
TCGA-ZP-A9D1,None,0:DiseaseFree,0.69,0:LIVING,0.69,,56.0,Female,0.0,0.0,0
TCGA-ZP-A9D2,Micro,1:Recurred/Progressed,10.35,1:DECEASED,25.13,,51.0,Male,1.0,1.0,1
TCGA-ZS-A9CF,Micro,1:Recurred/Progressed,20.89,0:LIVING,79.24,Stage II,64.0,Male,1.0,1.0,0
TCGA-2Y-A9GZ,,1:Recurred/Progressed,23.62,1:DECEASED,27.86,Stage II,82.0,Female,,1.0,1
TCGA-2Y-A9H6,Macro,0:DiseaseFree,11.73,0:LIVING,11.73,Stage I,68.0,Female,2.0,0.0,0
TCGA-2Y-A9H7,None,1:Recurred/Progressed,36.7,0:LIVING,38.37,Stage I,81.0,Female,0.0,1.0,0
TCGA-2Y-A9H8,,1:Recurred/Progressed,13.07,1:DECEASED,20.8,,85.0,Female,,1.0,1
TCGA-2Y-A9H9,,1:Recurred/Progressed,23.03,0:LIVING,22.9,Stage I,70.0,Male,,1.0,0
TCGA-2Y-A9HA,,,,1:DECEASED,1.18,Stage II,70.0,Male,,,1
TCGA-2Y-A9HB,None,0:DiseaseFree,8.54,0:LIVING,8.54,Stage I,66.0,Male,0.0,0.0,0
TCGA-3K-AAZ8,,1:Recurred/Progressed,9.99,0:LIVING,13.01,Stage IIIB,65.0,Male,,1.0,0
TCGA-5C-AAPD,None,0:DiseaseFree,0.66,0:LIVING,0.66,Stage II,61.0,Male,0.0,0.0,0
TCGA-DD-AADP,Micro,0:DiseaseFree,15.05,0:LIVING,15.05,Stage I,45.0,Male,1.0,0.0,0
TCGA-DD-AADV,None,0:DiseaseFree,18.86,0:LIVING,18.86,Stage I,50.0,Male,0.0,0.0,0
TCGA-DD-AADW,None,1:Recurred/Progressed,12.68,0:LIVING,19.28,Stage I,48.0,Male,0.0,1.0,0
TCGA-DD-AAEG,None,0:DiseaseFree,23.62,0:LIVING,23.62,Stage I,59.0,Female,0.0,0.0,0
TCGA-WJ-A86L,None,0:DiseaseFree,11.33,0:LIVING,11.33,Stage I,68.0,Female,0.0,0.0,0
TCGA-WX-AA44,None,1:Recurred/Progressed,8.08,0:LIVING,20.2,Stage I,64.0,Female,0.0,1.0,0
TCGA-WX-AA46,Macro,0:DiseaseFree,24.84,0:LIVING,24.84,Stage II,61.0,Male,2.0,0.0,0
TCGA-WX-AA47,Macro,1:Recurred/Progressed,15.93,1:DECEASED,18.27,Stage IIIA,33.0,Female,2.0,1.0,1
TCGA-XR-A8TD,None,0:DiseaseFree,33.84,0:LIVING,33.84,Stage IIIB,49.0,Female,0.0,0.0,0
TCGA-5R-AA1C,Micro,0:DiseaseFree,17.08,0:LIVING,17.08,Stage II,57.0,Male,1.0,0.0,0
TCGA-5R-AAAM,Micro,,,1:DECEASED,1.51,Stage II,65.0,Female,1.0,,1
TCGA-DD-AAC8,Micro,,,1:DECEASED,0.53,Stage I,72.0,Male,1.0,,1
TCGA-DD-AAC9,None,0:DiseaseFree,11.4,0:LIVING,11.4,Stage I,51.0,Male,0.0,0.0,0
TCGA-DD-AACA,None,1:Recurred/Progressed,71.06,0:LIVING,75.59,Stage I,65.0,Male,0.0,1.0,0
TCGA-DD-AACB,Micro,0:DiseaseFree,76.35,0:LIVING,76.35,Stage I,74.0,Female,1.0,0.0,0
TCGA-DD-AACC,None,1:Recurred/Progressed,17.64,1:DECEASED,55.35,Stage I,61.0,Male,0.0,1.0,1
TCGA-DD-AACD,Micro,1:Recurred/Progressed,4.96,1:DECEASED,12.52,Stage I,48.0,Male,1.0,1.0,1
TCGA-DD-AACE,None,1:Recurred/Progressed,42.02,0:LIVING,71.75,Stage I,62.0,Male,0.0,1.0,0
TCGA-DD-AACF,None,1:Recurred/Progressed,3.91,1:DECEASED,11.99,Stage I,68.0,Male,0.0,1.0,1
TCGA-DD-AACG,Micro,1:Recurred/Progressed,4.11,1:DECEASED,15.41,Stage II,52.0,Male,1.0,1.0,1
TCGA-DD-AACH,Micro,1:Recurred/Progressed,2.73,1:DECEASED,6.41,Stage II,69.0,Male,1.0,1.0,1
TCGA-DD-AACI,None,1:Recurred/Progressed,47.04,0:LIVING,53.15,Stage II,69.0,Male,0.0,1.0,0
TCGA-DD-AACJ,Micro,1:Recurred/Progressed,3.29,0:LIVING,69.05,Stage II,75.0,Male,1.0,1.0,0
TCGA-DD-AACK,Micro,0:DiseaseFree,0.3,0:LIVING,0.3,Stage I,70.0,Male,1.0,0.0,0
TCGA-DD-AACL,None,,,1:DECEASED,3.52,Stage I,66.0,Female,0.0,,1
TCGA-DD-AACM,None,1:Recurred/Progressed,36.04,0:LIVING,58.11,Stage II,48.0,Male,0.0,1.0,0
TCGA-DD-AACN,None,1:Recurred/Progressed,11.73,0:LIVING,42.77,Stage I,32.0,Male,0.0,1.0,0
TCGA-DD-AACO,None,1:Recurred/Progressed,15.74,0:LIVING,61.63,Stage I,40.0,Male,0.0,1.0,0
TCGA-DD-AACP,None,0:DiseaseFree,13.63,0:LIVING,13.63,Stage I,64.0,Male,0.0,0.0,0
TCGA-DD-AACQ,None,1:Recurred/Progressed,3.45,1:DECEASED,14.19,Stage II,50.0,Male,0.0,1.0,1
TCGA-DD-AACS,None,0:DiseaseFree,59.26,0:LIVING,59.26,Stage I,39.0,Male,0.0,0.0,0
TCGA-DD-AACT,None,0:DiseaseFree,51.31,0:LIVING,51.31,Stage I,69.0,Female,0.0,0.0,0
TCGA-DD-AACU,None,0:DiseaseFree,51.48,0:LIVING,51.48,Stage I,59.0,Male,0.0,0.0,0
TCGA-DD-AACV,Micro,1:Recurred/Progressed,11.3,0:LIVING,50.3,Stage I,53.0,Male,1.0,1.0,0
TCGA-DD-AACW,None,0:DiseaseFree,46.78,0:LIVING,46.78,Stage I,43.0,Male,0.0,0.0,0
TCGA-DD-AACX,None,1:Recurred/Progressed,1.38,0:LIVING,5.58,Stage II,66.0,Male,0.0,1.0,0
TCGA-DD-AACY,None,1:Recurred/Progressed,25.49,0:LIVING,47.63,Stage I,61.0,Male,0.0,1.0,0
TCGA-DD-AACZ,Macro,1:Recurred/Progressed,2.89,1:DECEASED,5.62,Stage I,63.0,Female,2.0,1.0,1
TCGA-DD-AAD0,None,1:Recurred/Progressed,1.54,0:LIVING,4.5,Stage I,73.0,Female,0.0,1.0,0
TCGA-DD-AAD1,None,1:Recurred/Progressed,4.17,0:LIVING,18.53,Stage I,51.0,Female,0.0,1.0,0
TCGA-DD-AAD2,Micro,0:DiseaseFree,21.62,0:LIVING,21.62,Stage I,66.0,Male,1.0,0.0,0
TCGA-DD-AAD3,None,0:DiseaseFree,42.54,0:LIVING,42.54,Stage I,43.0,Male,0.0,0.0,0
TCGA-DD-AAD5,None,1:Recurred/Progressed,4.27,0:LIVING,44.19,Stage I,54.0,Male,0.0,1.0,0
TCGA-DD-AAD6,None,1:Recurred/Progressed,1.64,0:LIVING,22.08,Stage IIIA,66.0,Male,0.0,1.0,0
TCGA-DD-AAD8,None,0:DiseaseFree,40.05,0:LIVING,40.05,Stage I,73.0,Female,0.0,0.0,0
TCGA-DD-AADA,Macro,0:DiseaseFree,40.51,0:LIVING,40.51,Stage I,66.0,Female,2.0,0.0,0
TCGA-DD-AADB,None,0:DiseaseFree,40.8,0:LIVING,40.8,Stage I,51.0,Male,0.0,0.0,0
TCGA-DD-AADC,Macro,1:Recurred/Progressed,3.32,1:DECEASED,13.96,Stage I,53.0,Male,2.0,1.0,1
TCGA-DD-AADD,None,0:DiseaseFree,40.44,0:LIVING,40.44,Stage I,51.0,Male,0.0,0.0,0
TCGA-DD-AADE,Micro,1:Recurred/Progressed,5.52,0:LIVING,39.49,Stage I,50.0,Male,1.0,1.0,0
TCGA-DD-AADF,None,,,1:DECEASED,3.78,Stage I,64.0,Female,0.0,,1
TCGA-DD-AADG,None,1:Recurred/Progressed,8.87,0:LIVING,37.61,Stage IIIA,70.0,Male,0.0,1.0,0
TCGA-DD-AADI,None,0:DiseaseFree,35.64,0:LIVING,35.64,Stage I,43.0,Female,0.0,0.0,0
TCGA-DD-AADJ,None,0:DiseaseFree,35.02,0:LIVING,35.02,Stage I,70.0,Female,0.0,0.0,0
TCGA-DD-AADK,Micro,0:DiseaseFree,34.46,0:LIVING,34.46,Stage II,68.0,Female,1.0,0.0,0
TCGA-DD-AADL,Micro,0:DiseaseFree,20.89,0:LIVING,20.89,Stage I,58.0,Male,1.0,0.0,0
TCGA-DD-AADM,None,,,1:DECEASED,0.39,Stage II,58.0,Male,0.0,,1
TCGA-DD-AADN,Micro,0:DiseaseFree,29.5,0:LIVING,29.5,Stage I,59.0,Male,1.0,0.0,0
TCGA-DD-AADO,Micro,0:DiseaseFree,14.88,0:LIVING,14.88,Stage I,55.0,Male,1.0,0.0,0
TCGA-DD-AADQ,None,0:DiseaseFree,14.32,0:LIVING,14.32,Stage II,59.0,Male,0.0,0.0,0
TCGA-DD-AADR,None,1:Recurred/Progressed,66.62,0:LIVING,66.62,Stage I,58.0,Male,0.0,1.0,0
TCGA-DD-AADS,None,0:DiseaseFree,15.57,0:LIVING,15.57,Stage I,63.0,Male,0.0,0.0,0
TCGA-DD-AADU,Micro,0:DiseaseFree,18.2,0:LIVING,18.2,Stage II,60.0,Male,1.0,0.0,0
TCGA-DD-AADY,None,0:DiseaseFree,18.23,0:LIVING,18.23,Stage I,55.0,Female,0.0,0.0,0
TCGA-DD-AAE0,None,0:DiseaseFree,18.23,0:LIVING,18.23,Stage IIIA,45.0,Female,0.0,0.0,0
TCGA-DD-AAE1,None,0:DiseaseFree,18.13,0:LIVING,18.13,Stage I,52.0,Male,0.0,0.0,0
TCGA-DD-AAE2,None,0:DiseaseFree,20.96,0:LIVING,20.96,Stage I,51.0,Male,0.0,0.0,0
TCGA-DD-AAE3,None,0:DiseaseFree,18.59,0:LIVING,18.59,Stage I,50.0,Male,0.0,0.0,0
TCGA-DD-AAE4,None,1:Recurred/Progressed,3.65,0:LIVING,19.97,Stage I,49.0,Female,0.0,1.0,0
TCGA-DD-AAE6,Micro,1:Recurred/Progressed,3.45,0:LIVING,4.63,Stage I,59.0,Female,1.0,1.0,0
TCGA-DD-AAE7,None,0:DiseaseFree,21.16,0:LIVING,21.16,Stage I,72.0,Male,0.0,0.0,0
TCGA-DD-AAE8,None,1:Recurred/Progressed,3.71,0:LIVING,21.81,Stage I,45.0,Male,0.0,1.0,0
TCGA-DD-AAE9,None,0:DiseaseFree,23.72,0:LIVING,23.72,Stage I,69.0,Male,0.0,0.0,0
TCGA-DD-AAEA,None,0:DiseaseFree,18.89,0:LIVING,18.89,Stage I,65.0,Male,0.0,0.0,0
TCGA-DD-AAEB,None,0:DiseaseFree,15.7,0:LIVING,15.7,Stage I,60.0,Male,0.0,0.0,0
TCGA-DD-AAED,None,1:Recurred/Progressed,6.5,0:LIVING,25.07,Stage I,51.0,Male,0.0,1.0,0
TCGA-DD-AAEE,None,1:Recurred/Progressed,7.36,0:LIVING,26.61,Stage I,55.0,Male,0.0,1.0,0
TCGA-DD-AAEH,Micro,1:Recurred/Progressed,21.16,0:LIVING,25.76,Stage I,73.0,Male,1.0,1.0,0
TCGA-DD-AAEI,None,1:Recurred/Progressed,16.13,0:LIVING,50.3,Stage I,72.0,Male,0.0,1.0,0
TCGA-DD-AAEK,None,0:DiseaseFree,35.05,0:LIVING,35.05,Stage II,51.0,Male,0.0,0.0,0
TCGA-DD-AAVP,None,1:Recurred/Progressed,29.66,0:LIVING,90.41,Stage I,48.0,Male,0.0,1.0,0
TCGA-DD-AAVQ,None,1:Recurred/Progressed,50.03,0:LIVING,89.62,Stage I,38.0,Male,0.0,1.0,0
TCGA-DD-AAVR,None,0:DiseaseFree,82.56,0:LIVING,82.56,Stage I,44.0,Male,0.0,0.0,0
TCGA-DD-AAVS,None,0:DiseaseFree,59.89,0:LIVING,59.89,Stage I,56.0,Male,0.0,0.0,0
TCGA-DD-AAVU,Micro,1:Recurred/Progressed,53.55,0:LIVING,72.34,Stage II,46.0,Male,1.0,1.0,0
TCGA-DD-AAVV,Micro,0:DiseaseFree,80.65,0:LIVING,80.65,Stage II,56.0,Male,1.0,0.0,0
TCGA-DD-AAVW,None,0:DiseaseFree,76.12,0:LIVING,76.12,Stage I,35.0,Male,0.0,0.0,0
TCGA-DD-AAVX,Micro,1:Recurred/Progressed,12.91,0:LIVING,56.44,Stage II,38.0,Male,1.0,1.0,0
TCGA-DD-AAVY,Micro,0:DiseaseFree,64.72,0:LIVING,64.72,Stage IIIA,56.0,Male,1.0,0.0,0
TCGA-DD-AAVZ,None,0:DiseaseFree,62.42,0:LIVING,62.42,Stage I,38.0,Male,0.0,0.0,0
TCGA-DD-AAW0,None,0:DiseaseFree,66.2,0:LIVING,66.2,Stage I,54.0,Male,0.0,0.0,0
TCGA-DD-AAW1,Micro,0:DiseaseFree,65.34,0:LIVING,65.34,Stage IIIA,55.0,Male,1.0,0.0,0
TCGA-DD-AAW2,None,1:Recurred/Progressed,12.84,0:LIVING,60.94,Stage I,69.0,Male,0.0,1.0,0
TCGA-DD-AAW3,None,0:DiseaseFree,53.65,0:LIVING,53.65,Stage I,69.0,Male,0.0,0.0,0
TCGA-WQ-AB4B,Micro,1:Recurred/Progressed,8.97,0:LIVING,12.98,Stage II,62.0,Male,1.0,1.0,0
