patient_id,cluster,mvi,recurrence,death,dfs_months,os_months,ssgsea_vi,meanz_vi_score
TCGA-2V-A95S,2,1.0,0.0,0,,,803.4017113804184,0.1455819440168431
TCGA-2Y-A9GT,1,0.0,1.0,1,35.58,53.35,125.31124226341603,-1.4895118797546036
TCGA-2Y-A9H2,2,0.0,0.0,0,56.87,56.87,804.1746307699838,0.2083990835352742
TCGA-2Y-A9H3,2,1.0,1.0,0,0.72,49.8,568.791943218144,-0.4569884484444633
TCGA-2Y-A9H4,3,0.0,0.0,0,47.7,47.7,573.0211996932594,-0.2418373068328941
TCGA-2Y-A9H5,1,0.0,1.0,1,8.48,18.23,728.8748106148815,-0.1228358929623647
TCGA-2Y-A9H7,2,0.0,1.0,0,36.7,38.37,817.487408484786,0.3278565975734612
TCGA-2Y-A9HB,1,0.0,0.0,0,8.54,8.54,433.484749579385,-0.7126871174610301
TCGA-4R-AA8I,1,1.0,1.0,1,8.11,8.61,539.8313194691722,-0.3505855627663289
TCGA-5C-A9VG,2,1.0,0.0,0,10.78,10.78,905.4798043251964,0.4628608727393554
TCGA-5C-A9VH,1,0.0,0.0,0,10.58,10.58,795.0901430317102,0.2083714212218128
TCGA-5C-AAPD,1,0.0,0.0,0,0.66,0.66,727.7515463372446,0.0908933447496275
TCGA-5R-AA1C,3,1.0,0.0,0,17.08,17.08,678.3931552397472,0.0397217573007715
TCGA-5R-AA1D,1,1.0,0.0,0,14.75,14.75,208.6785656955992,-1.2864956723424184
TCGA-5R-AAAM,1,1.0,,1,,1.51,186.82988713183943,-1.2702518849217237
TCGA-BC-A10Q,2,0.0,1.0,1,11.17,37.29,994.3340216389532,0.4953609199398589
TCGA-BC-A10R,1,1.0,1.0,1,6.54,10.12,598.095733600771,-0.2746521113237354
TCGA-BC-A10S,1,1.0,1.0,1,37.12,46.75,407.8742528870082,-0.7197642569247977
TCGA-BC-A10T,1,0.0,1.0,1,19.65,27.5,466.7386905211857,-0.5488376015076073
TCGA-BC-A10X,1,1.0,,1,,25.3,15.791063842830908,-1.686384915875971
TCGA-BC-A10Y,3,1.0,1.0,1,13.14,23.36,662.8517039229108,-0.0328968577503889
TCGA-BC-A10Z,3,0.0,,1,,1.12,791.5721134146473,0.4689357671850618
TCGA-BC-A110,1,0.0,1.0,1,67.58,69.51,40.44390384575888,-1.6133208234368888
TCGA-BC-A112,2,0.0,,1,,5.03,973.6823659061952,0.5904433441815051
TCGA-BC-A216,1,0.0,0.0,0,44.38,44.38,746.7473769629521,-0.0300249274505259
TCGA-BC-A217,3,1.0,,1,,45.89,812.6680238578136,0.3619522547289516
TCGA-BC-A3KF,3,0.0,0.0,0,0.26,0.26,679.1816356278396,-0.0017198414461486
TCGA-BC-A3KG,3,1.0,1.0,0,6.87,22.34,967.4822926863872,0.7095365687659494
TCGA-BC-A5W4,3,1.0,1.0,1,12.61,17.97,809.9867766852076,0.5281488996948502
TCGA-BC-A69H,2,1.0,0.0,0,14.59,14.59,1148.6224598157903,1.2883861614040235
TCGA-BC-A69I,3,0.0,0.0,0,12.71,12.71,429.50357848558406,-0.6417756938231266
TCGA-BD-A2L6,3,1.0,1.0,0,13.63,44.78,582.1746850309908,-0.3087510665248948
TCGA-BD-A3EP,1,0.0,0.0,0,13.44,13.44,537.2916401008963,-0.4433612896530254
TCGA-BD-A3ER,1,0.0,1.0,0,7.42,36.63,486.490253949361,-0.5586710692422889
TCGA-BW-A5NO,3,0.0,0.0,0,0.66,0.66,680.8873937601518,-0.0007892035526539
TCGA-BW-A5NP,2,1.0,1.0,0,3.35,0.0,1105.6082601311969,1.1240083176140003
TCGA-BW-A5NQ,2,0.0,0.0,0,0.0,0.0,897.0852881401017,0.4806477409334257
TCGA-CC-5258,2,0.0,,1,,4.24,950.264257503708,0.5421234791383636
TCGA-CC-5260,2,0.0,,1,,2.86,894.4508644539175,0.2067965172173643
TCGA-CC-5261,2,0.0,,1,,3.19,741.2983919116509,-0.1514520686404277
TCGA-CC-5263,2,0.0,,1,,4.24,1068.2125359595782,0.6934701253776505
TCGA-CC-5264,2,0.0,,1,,3.35,1036.7796506589743,0.8716703064644218
TCGA-CC-A123,2,0.0,1.0,0,4.76,7.19,951.9051402477868,0.7388878365290086
TCGA-DD-A113,2,1.0,1.0,0,55.06,79.66,833.7387474499792,0.2810385549714858
TCGA-DD-A114,1,1.0,,1,,37.75,687.860047026181,-0.2264624452796189
TCGA-DD-A115,1,0.0,1.0,1,15.41,83.51,533.2665526808103,-0.4163929713675803
TCGA-DD-A118,2,0.0,1.0,0,21.62,112.91,776.7343434337175,0.1765642756517114
TCGA-DD-A119,3,1.0,,1,,7.33,707.5794736398464,0.0820143325656034
TCGA-DD-A11A,3,0.0,0.0,0,2.6,2.6,727.5008591873315,0.2521813242285929
TCGA-DD-A11B,3,0.0,,1,,0.46,527.4249093116788,-0.3710843634513107
TCGA-DD-A11C,1,0.0,0.0,0,21.75,21.75,534.4484722862431,-0.3884019669361416
TCGA-DD-A11D,3,0.0,1.0,1,16.36,51.25,477.54609466430304,-0.5380728923472058
TCGA-DD-A1EA,3,1.0,1.0,0,24.77,79.34,600.2681681586807,-0.2579293176298859
TCGA-DD-A1EB,3,0.0,1.0,0,23.95,66.26,423.9755586649835,-0.7439692308091687
TCGA-DD-A1EC,2,0.0,1.0,0,9.82,19.78,494.6756508639416,-0.6118920569843237
TCGA-DD-A1ED,1,0.0,0.0,0,75.59,75.59,134.00586567380026,-1.5338814918147672
TCGA-DD-A1EE,3,0.0,1.0,1,1.45,11.47,782.4807674035555,0.3674465919429902
TCGA-DD-A1EF,2,0.0,,1,,12.94,874.901980155119,0.2916390194023416
TCGA-DD-A1EG,1,0.0,1.0,1,33.05,45.07,748.0757761599735,0.2025392315109072
TCGA-DD-A1EI,1,0.0,0.0,0,6.01,6.01,672.903042554478,-0.1329493060305194
TCGA-DD-A1EJ,2,0.0,1.0,1,8.64,33.02,968.6831883562054,0.7969903644920737
TCGA-DD-A1EK,3,0.0,1.0,1,5.49,18.33,567.1702808561341,-0.2705377820614388
TCGA-DD-A1EL,2,0.0,,1,,13.63,1049.6152754736577,0.9458468879302928
TCGA-DD-A39V,3,0.0,1.0,1,14.95,21.12,755.2753841233102,0.2112748305741783
TCGA-DD-A39W,3,0.0,,1,,27.17,717.544915071787,0.0019636246283229
TCGA-DD-A39X,1,0.0,1.0,1,33.9,55.65,753.6087868571022,0.1779191647629001
TCGA-DD-A39Y,2,0.0,,1,,5.62,1132.7646903826785,1.3066483225665202
TCGA-DD-A39Z,3,0.0,,1,,19.74,913.600533644214,0.6623010188262644
TCGA-DD-A3A2,1,0.0,,1,,70.01,296.58087697954534,-1.0985939242598757
TCGA-DD-A3A4,3,0.0,1.0,1,2.86,20.11,572.2340955656424,-0.2835309461557792
TCGA-DD-A3A5,3,0.0,1.0,1,2.76,102.66,539.8248931877393,-0.365421497241904
TCGA-DD-A3A6,2,1.0,,1,,107.03,486.7332551662431,-0.852106602272383
TCGA-DD-A3A7,3,1.0,1.0,1,4.73,13.76,1006.47963951592,0.9085397566430724
TCGA-DD-A3A8,3,0.0,,1,,0.36,583.9892441412303,-0.1902644453850256
TCGA-DD-A3A9,2,0.0,1.0,1,9.49,30.58,817.9120389390064,0.2745948522364832
TCGA-DD-A4NB,1,0.0,1.0,0,29.96,32.49,301.78917302845866,-1.111547343368601
TCGA-DD-A4ND,1,0.0,1.0,0,0.66,90.21,375.0044553600195,-0.9352946711936296
TCGA-DD-A4NE,3,0.0,1.0,1,6.24,21.68,703.8244767525664,0.0635014460287164
TCGA-DD-A4NF,3,0.0,1.0,0,21.55,30.95,591.0727227837677,-0.280403657897738
TCGA-DD-A4NG,3,1.0,1.0,1,14.13,26.35,797.5392096225698,0.2322422530471346
TCGA-DD-A4NI,1,0.0,0.0,0,26.81,26.81,190.79011321169548,-1.332265998002423
TCGA-DD-A4NJ,1,0.0,1.0,0,18.17,30.49,737.7276555814328,0.0345903226490527
TCGA-DD-A4NK,3,0.0,1.0,1,2.92,39.75,397.9353832456754,-0.6562761461806905
TCGA-DD-A4NL,1,0.0,0.0,0,56.21,56.21,176.10445849636767,-1.408841825851614
TCGA-DD-A4NN,2,0.0,1.0,1,5.45,29.53,1100.4922646697623,1.14725666935399
TCGA-DD-A4NO,3,0.0,1.0,0,73.62,73.75,650.3024087998156,-0.0495620987579959
TCGA-DD-A4NP,3,0.0,1.0,0,90.08,108.67,342.32735181437295,-1.0028227438463733
TCGA-DD-A4NR,2,0.0,,1,,0.3,634.4227096741087,-0.2114245416865746
TCGA-DD-A4NS,1,0.0,1.0,1,35.84,80.68,157.20685261231802,-1.315523474204448
TCGA-DD-A4NV,1,0.0,0.0,0,78.78,78.78,289.228104219546,-1.0301320962746638
TCGA-DD-A73A,3,0.0,0.0,0,23.92,23.92,485.1247943743604,-0.5862349193135016
TCGA-DD-A73B,3,0.0,1.0,1,7.88,9.3,729.1996604246422,0.2983804969636679
TCGA-DD-A73C,1,0.0,1.0,0,18.59,23.03,312.6545269807572,-1.0874155884365175
TCGA-DD-A73D,3,1.0,1.0,0,19.45,22.77,839.4856388105787,0.7423526335554087
TCGA-DD-A73E,3,0.0,0.0,0,1.45,1.45,754.0929594741864,0.2770875173858879
TCGA-DD-A73F,1,0.0,0.0,0,35.64,35.64,406.4874292075593,-0.6791984101467381
TCGA-DD-A73G,2,0.0,0.0,0,114.26,114.26,866.5620191581525,0.4870802590659975
TCGA-DD-AA3A,2,0.0,,1,,13.47,1110.3062037837467,0.9379410407200386
TCGA-DD-AAC8,2,1.0,,1,,0.53,991.9813320456714,0.9086205615048644
TCGA-DD-AAC9,1,0.0,0.0,0,11.4,11.4,421.7112582750282,-0.7336364210622326
TCGA-DD-AACA,3,0.0,1.0,0,71.06,75.59,893.7158054600069,0.5863754106746022
TCGA-DD-AACB,2,1.0,0.0,0,76.35,76.35,862.081729309323,0.3839100201184674
TCGA-DD-AACC,1,0.0,1.0,1,17.64,55.35,327.43414693155285,-0.8262966982662707
TCGA-DD-AACD,3,1.0,1.0,1,4.96,12.52,615.3582719658001,-0.1938615771719862
TCGA-DD-AACE,3,0.0,1.0,0,42.02,71.75,619.2104045127587,-0.0195583083353019
TCGA-DD-AACF,3,0.0,1.0,1,3.91,11.99,741.0557167628147,0.2716956810797072
TCGA-DD-AACG,3,1.0,1.0,1,4.11,15.41,940.3795498633198,0.7140130067148034
TCGA-DD-AACH,2,1.0,1.0,1,2.73,6.41,1016.6779844803063,0.7782150653269723
TCGA-DD-AACI,2,0.0,1.0,0,47.04,53.15,704.9083940333871,0.0305509664016408
TCGA-DD-AACJ,3,1.0,1.0,0,3.29,69.05,876.2948435856084,0.7476861138716046
TCGA-DD-AACK,3,1.0,0.0,0,0.3,0.3,628.5388773565393,-0.0645128575214742
TCGA-DD-AACL,2,0.0,,1,,3.52,922.6581416776598,0.5776053903242863
TCGA-DD-AACN,1,0.0,1.0,0,11.73,42.77,633.0754331460471,-0.2109632720308671
TCGA-DD-AACO,3,0.0,1.0,0,15.74,61.63,633.2180035652389,-0.1987219607119625
TCGA-DD-AACP,2,0.0,0.0,0,13.63,13.63,1162.6006786111714,1.3271976660026423
TCGA-DD-AACQ,3,0.0,1.0,1,3.45,14.19,824.0717898834102,0.5286386161149529
TCGA-DD-AACS,3,0.0,0.0,0,59.26,59.26,880.6864662184996,0.6288403148118957
TCGA-DD-AACT,1,0.0,0.0,0,51.31,51.31,551.6148903161438,-0.4387867656279615
TCGA-DD-AACU,1,0.0,0.0,0,51.48,51.48,709.2208310036258,0.0455329036361339
TCGA-DD-AACV,3,1.0,1.0,0,11.3,50.3,739.6042532495144,0.3474009852265353
TCGA-DD-AACW,3,0.0,0.0,0,46.78,46.78,845.9687813444249,0.4644579507583507
TCGA-DD-AACX,3,0.0,1.0,0,1.38,5.58,859.0970879282514,0.4887981105492077
TCGA-DD-AACY,3,0.0,1.0,0,25.49,47.63,653.4698996316357,-0.0785712829535747
TCGA-DD-AAD0,3,0.0,1.0,0,1.54,4.5,841.1336190039278,0.6734423462784477
TCGA-DD-AAD1,1,0.0,1.0,0,4.17,18.53,496.99226294495736,-0.6828012053686284
TCGA-DD-AAD2,1,1.0,0.0,0,21.62,21.62,551.577317807835,-0.482601046405342
TCGA-DD-AAD3,1,0.0,0.0,0,42.54,42.54,469.5604942971637,-0.5791101539871005
TCGA-DD-AAD5,2,0.0,1.0,0,4.27,44.19,1054.898255048628,0.9652302477376492
TCGA-DD-AAD6,3,0.0,1.0,0,1.64,22.08,924.7815548503488,0.6919547327956994
TCGA-DD-AAD8,3,0.0,0.0,0,40.05,40.05,677.161047694513,-0.0275978731430653
TCGA-DD-AADB,2,0.0,0.0,0,40.8,40.8,942.9861524330712,0.6008326989477889
TCGA-DD-AADD,3,0.0,0.0,0,40.44,40.44,1004.0440312713922,0.8786297796929767
TCGA-DD-AADF,3,0.0,,1,,3.78,766.229551626026,0.3685275185507928
TCGA-DD-AADG,3,0.0,1.0,0,8.87,37.61,579.3224063988621,-0.1064124622827121
TCGA-DD-AADI,2,0.0,0.0,0,35.64,35.64,697.5939784028878,-0.0477662946253145
TCGA-DD-AADJ,3,0.0,0.0,0,35.02,35.02,747.4729525998827,0.13085349042122
TCGA-DD-AADK,1,1.0,0.0,0,34.46,34.46,698.784151445622,-0.0258828710226348
TCGA-DD-AADL,3,1.0,0.0,0,20.89,20.89,752.5705990265855,0.2994183663050742
TCGA-DD-AADM,3,0.0,,1,,0.39,751.0286568947032,0.2202760536057903
TCGA-DD-AADN,2,1.0,0.0,0,29.5,29.5,895.2498808039487,0.5498733028068475
TCGA-DD-AADO,2,1.0,0.0,0,14.88,14.88,913.7597456043892,0.6308785263107651
TCGA-DD-AADP,1,1.0,0.0,0,15.05,15.05,727.5315895239372,0.0335816618009204
TCGA-DD-AADQ,3,0.0,0.0,0,14.32,14.32,731.2879722167032,0.1857422007037533
TCGA-DD-AADR,3,0.0,1.0,0,66.62,66.62,669.1208215646033,0.0161353039362006
TCGA-DD-AADS,3,0.0,0.0,0,15.57,15.57,408.5293445344225,-0.778071666591541
TCGA-DD-AADU,3,1.0,0.0,0,18.2,18.2,725.8743771474958,0.0968378171040962
TCGA-DD-AADV,1,0.0,0.0,0,18.86,18.86,595.4829135967178,-0.1909989097379439
TCGA-DD-AADW,2,0.0,1.0,0,12.68,19.28,961.4137820294026,0.5576802079507839
TCGA-DD-AADY,3,0.0,0.0,0,18.23,18.23,785.8035488732627,0.2825364718309246
TCGA-DD-AAE0,2,0.0,0.0,0,18.23,18.23,1162.7354719434582,1.03424775323325
TCGA-DD-AAE1,3,0.0,0.0,0,18.13,18.13,882.520591064475,0.5274511768580901
TCGA-DD-AAE2,1,0.0,0.0,0,20.96,20.96,304.6053273806688,-0.9743884761384396
TCGA-DD-AAE3,3,0.0,0.0,0,18.59,18.59,456.4820167575024,-0.5741650713507881
TCGA-DD-AAE4,1,0.0,1.0,0,3.65,19.97,281.8500099109308,-1.059388562277889
TCGA-DD-AAE6,3,1.0,1.0,0,3.45,4.63,1034.923469634096,1.2400178520931138
TCGA-DD-AAE7,1,0.0,0.0,0,21.16,21.16,317.71483948887123,-1.0113980707415575
TCGA-DD-AAE9,3,0.0,0.0,0,23.72,23.72,882.1857762518682,0.5454975606232815
TCGA-DD-AAEA,3,0.0,0.0,0,18.89,18.89,739.5967217173871,0.2070734541140489
TCGA-DD-AAEB,3,0.0,0.0,0,15.7,15.7,470.6609630261927,-0.5843312203215276
TCGA-DD-AAED,3,0.0,1.0,0,6.5,25.07,901.7981166396572,0.5030536882934156
TCGA-DD-AAEE,3,0.0,1.0,0,7.36,26.61,767.8710911913464,0.3274280939248457
TCGA-DD-AAEG,3,0.0,0.0,0,23.62,23.62,776.0938883191687,0.361348278102716
TCGA-DD-AAEH,1,1.0,1.0,0,21.16,25.76,362.79342838780383,-0.8115496689838368
TCGA-DD-AAEI,3,0.0,1.0,0,16.13,50.3,599.7644512456602,-0.2163477159691841
TCGA-DD-AAEK,1,0.0,0.0,0,35.05,35.05,400.0763581917014,-0.7842426756267129
TCGA-DD-AAVP,3,0.0,1.0,0,29.66,90.41,698.8732967674571,0.0679196136345565
TCGA-DD-AAVQ,2,0.0,1.0,0,50.03,89.62,698.12484052381,-0.0887623531882855
TCGA-DD-AAVR,1,0.0,0.0,0,82.56,82.56,456.20489835973774,-0.6512464380330169
TCGA-DD-AAVS,2,0.0,0.0,0,59.89,59.89,821.7082702468344,0.3187031553441343
TCGA-DD-AAVU,3,1.0,1.0,0,53.55,72.34,916.1183385204172,0.7778789034372772
TCGA-DD-AAVV,1,1.0,0.0,0,80.65,80.65,705.5711190146269,-0.0042340911973585
TCGA-DD-AAVW,1,0.0,0.0,0,76.12,76.12,525.8550809489526,-0.5473848121135334
TCGA-DD-AAVX,3,1.0,1.0,0,12.91,56.44,430.8254203404824,-0.7687705040750273
TCGA-DD-AAVY,3,1.0,0.0,0,64.72,64.72,659.7397859780414,0.0706358693696382
TCGA-DD-AAVZ,1,0.0,0.0,0,62.42,62.42,734.4133330572286,0.1416300586131132
TCGA-DD-AAW0,1,0.0,0.0,0,66.2,66.2,437.87916196347305,-0.6797401725603762
TCGA-DD-AAW1,3,1.0,0.0,0,65.34,65.34,541.2591984613401,-0.3530327245357262
TCGA-DD-AAW2,3,0.0,1.0,0,12.84,60.94,636.992928945379,-0.0162858508736041
TCGA-DD-AAW3,3,0.0,0.0,0,53.65,53.65,695.4461584224326,0.1686229799188745
TCGA-ED-A459,3,1.0,0.0,0,29.89,29.89,807.0698237326642,0.3483900952285292
TCGA-ED-A4XI,1,1.0,0.0,0,26.91,26.91,192.9498189462122,-1.303281558880968
TCGA-ED-A5KG,2,1.0,1.0,0,3.61,28.06,341.82187267734434,-0.8397802995420115
TCGA-ED-A66X,2,1.0,1.0,0,4.07,13.34,835.5351085036166,0.1828481933132615
TCGA-ED-A66Y,2,1.0,,1,,9.72,1038.463046218883,0.817869732503025
TCGA-ED-A7PX,2,1.0,0.0,0,0.2,0.2,961.997501026164,0.4231161938840418
TCGA-ED-A7PY,3,1.0,0.0,0,12.81,12.81,849.7259685381265,0.4086248942132954
TCGA-ED-A7PZ,3,1.0,0.0,0,0.2,0.2,1109.577780123749,1.3361400801649106
TCGA-ED-A7XO,1,1.0,1.0,0,8.61,14.03,430.9332931665374,-0.6479702253886439
TCGA-ED-A7XP,1,1.0,1.0,0,6.14,13.14,675.9156897996339,-0.1113776388373633
TCGA-ED-A82E,2,1.0,0.0,0,13.4,13.4,873.0315994292228,0.257349592287352
TCGA-ED-A8O5,2,1.0,0.0,0,13.34,13.34,914.1384848651044,0.5642940788662543
TCGA-ED-A8O6,2,1.0,,1,,1.84,1039.961033112471,0.8190383339836464
TCGA-ED-A97K,1,1.0,0.0,0,0.2,0.2,561.2624313536772,-0.5122403243494181
TCGA-EP-A12J,3,0.0,0.0,0,18.73,18.73,524.9087971348373,-0.3986765914376969
TCGA-EP-A26S,3,0.0,0.0,0,19.97,19.97,543.2720101482602,-0.3511736908999149
TCGA-EP-A2KB,3,0.0,1.0,1,5.29,19.58,876.1157454470422,0.5541086767650433
TCGA-EP-A2KC,3,0.0,,1,,0.62,737.2092152282523,0.1845805619013401
TCGA-EP-A3JL,1,0.0,0.0,0,9.95,9.95,632.2828262141496,-0.1508257412814685
TCGA-ES-A2HS,3,0.0,,1,,22.6,551.2901135459872,-0.3617248671822465
TCGA-ES-A2HT,1,0.0,,1,,14.39,522.1505386254065,-0.390529235062143
TCGA-FV-A2QQ,1,0.0,0.0,0,23.95,23.95,621.9723460004429,-0.1292483752767406
TCGA-FV-A3I0,2,1.0,1.0,0,5.22,27.86,920.1340747789906,0.4136373225794701
TCGA-FV-A3I1,1,1.0,,1,,8.11,720.7651709991771,-0.0021816875300346
TCGA-FV-A3R3,1,0.0,,1,,12.02,344.58820730805974,-1.0390026170633542
TCGA-FV-A495,1,0.0,0.0,0,0.03,0.03,455.34353743157953,-0.5859330437571943
TCGA-FV-A496,3,0.0,0.0,0,0.33,0.33,742.1543334472752,0.3344691010615681
TCGA-FV-A4ZP,2,1.0,,1,,81.67,1047.043758648344,0.9386356892422514
TCGA-FV-A4ZQ,2,0.0,0.0,0,0.39,0.39,744.5752213981071,0.0815875608102749
TCGA-G3-A25S,3,1.0,1.0,1,1.22,13.67,946.4837135154208,0.9511056916286844
TCGA-G3-A25T,2,0.0,1.0,0,14.85,51.02,835.3217355867953,0.1903095806722818
TCGA-G3-A25U,3,0.0,0.0,0,53.75,53.75,574.4568013859276,-0.1408866447395248
TCGA-G3-A25V,1,0.0,1.0,0,16.06,28.25,288.9793905778308,-1.042444437170534
TCGA-G3-A25X,2,0.0,0.0,0,58.44,58.44,989.595581226196,0.6741931371420489
TCGA-G3-A25Y,2,0.0,1.0,1,11.66,14.85,800.7630940460504,0.1512121451706277
TCGA-G3-A25Z,3,0.0,0.0,0,21.52,21.52,653.8397960713766,0.0054095431923721
TCGA-G3-A3CG,3,1.0,1.0,0,10.81,22.11,594.6852101853885,-0.2275559409213994
TCGA-G3-A3CH,1,0.0,1.0,0,18.33,25.62,445.1162193058272,-0.6438592423728137
TCGA-G3-A3CI,1,0.0,0.0,0,5.91,5.91,228.57859307405192,-1.2958791947931658
TCGA-G3-A3CJ,3,1.0,1.0,0,9.72,19.51,571.1607420497554,-0.2708465299526649
TCGA-G3-A3CK,3,0.0,0.0,0,19.22,19.22,486.3187834879317,-0.542752885079721
TCGA-G3-A5SI,3,0.0,1.0,1,11.43,25.23,837.7750594052497,0.6112938244062138
TCGA-G3-A5SJ,2,0.0,1.0,0,10.12,22.93,835.9204508861503,0.1307543615659948
TCGA-G3-A5SL,3,1.0,0.0,0,20.4,20.4,651.5397801070122,0.0369399766051474
TCGA-G3-A5SM,1,0.0,1.0,0,8.28,17.08,472.5640767356342,-0.5922158346747732
TCGA-G3-A6UC,3,1.0,1.0,0,20.99,22.04,499.4695108740908,-0.3578112730695592
TCGA-G3-A7M5,3,0.0,0.0,0,14.68,14.68,551.9254179757555,-0.2357599228273774
TCGA-G3-A7M6,1,0.0,1.0,0,19.19,20.76,862.7435726324196,0.2770822951643902
TCGA-G3-A7M7,3,0.0,0.0,0,11.86,11.86,649.894793564524,-0.0672668350958972
TCGA-G3-A7M8,1,0.0,0.0,0,14.13,14.13,313.1077454117729,-0.9608959699701716
TCGA-G3-AAUZ,1,0.0,0.0,0,15.77,15.77,464.7732545205173,-0.6259548369711843
TCGA-G3-AAV0,3,0.0,0.0,0,15.64,15.64,456.5670158851637,-0.6404078472350919
TCGA-G3-AAV1,3,1.0,1.0,1,7.85,11.79,746.1686321346754,0.1736537537394199
TCGA-G3-AAV2,3,0.0,0.0,0,12.22,12.22,616.3256514743402,-0.1159064270607592
TCGA-G3-AAV3,1,0.0,0.0,0,13.53,13.53,569.6534968205112,-0.2841636866943499
TCGA-G3-AAV4,3,0.0,,1,,0.89,756.0549474615691,0.2034974372279744
TCGA-G3-AAV6,2,1.0,1.0,1,1.45,2.14,1145.0951656413863,1.1274215909437202
TCGA-G3-AAV7,2,1.0,0.0,0,11.86,11.86,1136.5470087440158,0.9788116117231016
TCGA-GJ-A3OU,1,0.0,1.0,0,28.88,28.88,372.1671556140027,-0.7814136603975418
TCGA-GJ-A6C0,1,1.0,,1,,1.02,679.5911783476101,-0.0095947148950777
TCGA-GJ-A9DB,1,0.0,,1,,2.2,554.5897187643982,-0.3692550904959079
TCGA-HP-A5MZ,1,0.0,,1,,2.99,363.1607572619821,-0.8772187927518106
TCGA-K7-A5RG,1,0.0,0.0,0,17.05,17.05,347.69131373485936,-0.7697736209284561
TCGA-K7-A6G5,1,0.0,0.0,0,16.82,16.82,473.383195904158,-0.5541885374507228
TCGA-K7-AAU7,2,1.0,1.0,0,1.91,11.79,830.5286522647073,0.0382510279632491
TCGA-KR-A7K0,1,0.0,,1,,2.14,544.5910632437809,-0.3706833618737872
TCGA-KR-A7K2,1,0.0,0.0,0,27.23,27.23,661.5673245239904,-0.1312111494271158
TCGA-KR-A7K7,2,1.0,1.0,0,7.85,31.24,979.771464245212,0.7872967843726963
TCGA-KR-A7K8,1,0.0,0.0,0,29.76,29.76,534.6788800478861,-0.3749023386612651
TCGA-LG-A6GG,3,1.0,0.0,0,12.71,12.71,706.0576035677135,0.1505218935501859
TCGA-LG-A9QC,3,1.0,0.0,0,13.96,13.96,773.3635022617976,0.213302246082866
TCGA-LG-A9QD,1,0.0,0.0,0,12.02,12.02,396.77558069412726,-0.7658944565749153
TCGA-MI-A75C,3,0.0,0.0,0,9.56,9.56,875.2395815534196,0.5843338911277579
TCGA-MI-A75E,1,1.0,0.0,0,16.66,16.66,450.30988299190494,-0.6106087800312828
TCGA-MI-A75G,3,0.0,0.0,0,22.93,22.93,663.6880671364814,0.1232240008186373
TCGA-MI-A75H,3,1.0,1.0,0,10.09,24.54,508.4611648166581,-0.425864204883869
TCGA-MR-A8JO,1,0.0,0.0,0,10.84,10.84,500.4669216591621,-0.6345545473603827
TCGA-NI-A4U2,3,0.0,1.0,1,42.21,58.84,396.46390659977976,-0.822449649660594
TCGA-NI-A8LF,3,0.0,0.0,0,26.25,26.25,468.1358665993689,-0.6115611628368683
TCGA-O8-A75V,1,0.0,0.0,0,17.67,17.67,687.6216002344332,0.0354919100004811
TCGA-QA-A7B7,3,1.0,1.0,0,2.89,3.09,851.1023187924075,0.4824918384924677
TCGA-RC-A6M3,2,1.0,0.0,0,0.0,0.0,1054.9922953539058,0.7792166720805263
TCGA-RC-A6M4,3,0.0,0.0,0,0.72,0.72,767.2792027436793,0.4537605155054404
TCGA-RC-A6M5,1,0.0,0.0,0,0.49,0.49,366.3836389777479,-0.9048309714517891
TCGA-RC-A6M6,2,0.0,0.0,0,0.3,0.3,1154.2580591452338,1.0618327660942195
TCGA-RC-A7S9,2,0.0,0.0,0,21.02,21.02,813.2284584586154,0.2258048087579572
TCGA-RC-A7SB,3,0.0,0.0,0,19.32,19.32,596.2048320057777,-0.1489411647179967
TCGA-RC-A7SF,3,0.0,1.0,0,16.49,19.02,741.1700315496141,0.1188974611907965
TCGA-RC-A7SH,2,1.0,1.0,0,2.99,15.37,1097.3684754685971,1.0670336971630745
TCGA-RC-A7SK,3,1.0,1.0,0,10.25,15.51,742.0917828536051,0.1698493830907484
TCGA-T1-A6J8,3,0.0,0.0,0,0.76,0.76,626.4325184896394,-0.0515647779387577
TCGA-UB-A7MA,2,1.0,1.0,0,15.7,27.86,1088.1220423076077,0.8004294127623299
TCGA-UB-A7MB,3,1.0,1.0,0,1.58,19.74,773.926100466232,0.3769854738764543
TCGA-UB-A7MC,3,1.0,1.0,0,11.79,16.43,889.1953947098638,0.6374490250095277
TCGA-UB-A7MD,1,1.0,,1,,1.71,572.8086032571216,-0.2342876312836713
TCGA-UB-A7ME,1,0.0,0.0,0,15.97,15.97,723.3505080684615,-0.0493298260866288
TCGA-UB-A7MF,2,1.0,1.0,1,4.37,7.03,744.3258151743049,0.0321796624444668
TCGA-UB-AA0U,1,0.0,1.0,0,3.48,10.74,582.81806304335,-0.3592115711399299
TCGA-UB-AA0V,1,0.0,0.0,0,10.32,10.32,23.618591373844765,-1.7375411852973008
TCGA-WJ-A86L,3,0.0,0.0,0,11.33,11.33,822.5138438676269,0.3668103347048559
TCGA-WQ-A9G7,2,0.0,0.0,0,0.99,0.99,1046.363260874953,0.8450395069208578
TCGA-WQ-AB4B,1,1.0,1.0,0,8.97,12.98,599.3128712888251,-0.2317072463497372
TCGA-WX-AA44,1,0.0,1.0,0,8.08,20.2,836.1006230330896,0.2640184940077165
TCGA-XR-A8TC,3,0.0,0.0,0,43.99,43.99,801.6098121142355,0.3727135542728526
TCGA-XR-A8TD,1,0.0,0.0,0,33.84,33.84,445.0237135444811,-0.6347167664936864
TCGA-XR-A8TE,2,0.0,1.0,0,6.9,30.39,663.3101221543812,-0.2511484370358698
TCGA-XR-A8TF,3,0.0,1.0,1,7.59,22.77,730.464255878859,0.2481704059776141
TCGA-XR-A8TG,1,0.0,1.0,0,11.5,29.5,687.5822999272395,-0.0623981914843801
TCGA-YA-A8S7,2,0.0,1.0,1,13.07,13.53,718.6982984765954,-0.0495429541991987
TCGA-ZP-A9CV,1,0.0,,1,,35.74,515.6254129760066,-0.4922009265453132
TCGA-ZP-A9CY,1,0.0,0.0,0,25.69,25.69,255.61656260239815,-1.1464863521583726
TCGA-ZP-A9CZ,1,0.0,0.0,0,23.19,23.19,725.4370395131657,-0.0229678658822216
TCGA-ZP-A9D0,3,0.0,0.0,0,35.84,35.84,521.1812590839427,-0.4867281773564302
TCGA-ZP-A9D1,1,0.0,0.0,0,0.69,0.69,538.5384151008515,-0.4475140045160412
TCGA-ZP-A9D2,2,1.0,1.0,1,10.35,25.13,831.7584533013751,0.1630832789617604
TCGA-ZP-A9D4,3,0.0,0.0,0,12.98,12.98,559.256406006756,-0.1865806920712366
TCGA-ZS-A9CD,1,0.0,1.0,1,12.19,45.53,590.1214437125907,-0.2636915091614305
TCGA-ZS-A9CE,3,1.0,1.0,0,29.3,40.77,557.9094829504608,-0.1198726293213114
TCGA-ZS-A9CF,3,1.0,1.0,0,20.89,79.24,535.4313918064219,-0.4522696305027398
TCGA-ZS-A9CG,3,1.0,0.0,0,11.2,11.2,493.6552568417106,-0.4807078739657861
