gene,pattern
NFYA,1
ARHGAP33,1
LIG3,1
BAIAP2L1,2
GTF2IRD1,1
TEAD3,1
E2F2,1
MED24,1
ZNF207,1
NCAPD2,1
UTP18,2
PTBP1,1
QPCTL,0
BRCA1,2
ELOVL5,0
PSMC4,1
DDX11,2
XYLT2,1
TTC27,2
ZFP64,1
SERPINB1,1
BRD9,1
ATP6V0A1,1
DAPK2,2
METTL1,2
AIFM2,2
CUL7,1
ATP6V1H,2
MRPS10,1
NEDD4L,2
HEXB,0
PTPRN,1
PLEKHH1,1
MTA3,1
TARBP1,2
SPAG4,1
TAF2,2
ZFAT,2
IARS2,1
HEATR6,2
PRR11,1
NUP133,1
GNB5,1
JMJD6,1
AP3M2,1
TCOF1,1
RAD18,2
DAZAP1,1
HLTF,2
FAM50A,0
NLE1,2
SMARCE1,0
CA12,2
GTSE1,1
PLXNA2,2
SPAG5,1
TPD52,2
UBE2T,1
EXOSC5,1
SLC25A43,0
TULP3,1
CBFA2T2,0
TP73,1
PAFAH1B3,1
HSP90AA1,1
ATP8B1,2
NKAIN1,1
AGBL5,1
CAD,2
ATXN7L3,1
PDRG1,1
SMOX,1
ZNF343,1
DYNLL1,1
BIRC5,1
STRN4,1
TFAP4,2
GOLGA3,2
PUS7,2
ANGPT2,1
TMEM101,2
RFFL,0
SRPK1,1
BRPF3,1
MRPS18A,1
ERMP1,2
FBXL19,1
PPIL2,2
DMC1,0
TOMM22,1
MIOX,0
MCM5,2
PDGFB,1
SAMM50,1
MMP9,0
NDRG3,1
RAE1,1
DNAJC5,1
PRPF6,1
RNF24,1
TRIB3,0
CSNK2A1,1
HM13,1
CDK5RAP1,1
CSTF2,1
POLA1,2
NKAP,0
SUV39H1,1
PGK1,1
UBL4A,0
MAGED2,1
AAGAB,1
TRIP4,1
STK3,2
GDAP1,2
NDRG1,1
CHRAC1,2
UBR5,2
SQLE,1
PIH1D1,1
ERCC2,1
POP4,0
PDCD5,1
ANKRD27,2
GPI,1
CYTH2,2
GRWD1,2
TMEM147,2
GSK3A,1
ZNF574,1
AVL9,2
DUS4L,2
STEAP1B,1
DNAJB6,1
SSBP1,2
TAX1BP1,1
STX1A,1
BUD31,2
NUDT1,2
YKT6,1
FSD1L,2
TESK1,1
CUL2,1
UBE2S,1
GIT1,1
RECQL5,1
C17orf75,2
CCL7,0
VAT1,1
LRRC59,1
EFTUD2,1
MMD,1
NAT9,2
HTATIP2,0
CCDC34,2
EIF4G2,1
CHKA,2
FOXM1,1
RAD51AP1,1
DDX55,2
CDCA3,1
NT5DC3,0
FANCE,1
RNF8,1
E2F3,2
VNN2,0
BYSL,1
CEP72,2
OGG1,0
PFKFB4,1
TFG,1
UMPS,1
SLC41A3,1
CSPG5,2
RRP9,1
DGUOK,2
CENPA,1
SLC30A3,1
OTX1,1
PDCL3,1
NOL10,1
CEBPZ,2
SLC1A4,0
PNO1,2
BCL9,1
PHF13,1
GON4L,1
SMG7,1
GNPAT,1
TSNAX,1
SIPA1L2,2
APH1A,0
NEK2,1
KIF14,1
DDX59,1
PMFBP1,0
SPP1,2
PIGZ,1
C1orf198,1
HEATR1,2
TRIM32,1
DCAF4,1
ACYP1,2
KLHL29,2
NKX2-3,1
MTHFD1L,1
NUDCD1,1
ENY2,1
PAIP2,2
COIL,1
LHX4,0
B4GALT4,1
KIF18A,0
GPSM2,1
CBX3,1
KIAA1549,1
TRIM24,2
PLAU,1
ZWINT,1
RBM19,2
CIT,2
IFT81,1
LPGAT1,0
ACSL3,2
DDX27,1
SNRPC,1
AARS2,1
MEA1,1
RPP40,1
EEF1E1,1
SCGB2A1,2
RAP2A,1
GGA3,1
CCDC93,1
DTD1,1
RBCK1,0
SNRPB,1
TBC1D20,0
ITPA,1
TMEM74B,1
RALY,1
DYNLRB1,1
EIF2S2,1
CEP250,1
TMEM115,1
XRCC3,2
UBA2,1
PRMT1,2
WNK4,1
TRAF2,2
PKMYT1,2
SGCE,2
RIBC2,1
PRKRIP1,1
VGF,1
HOXD1,1
HOXD9,1
DLL4,1
E2F8,1
ILF3,1
NSUN5,1
CAMSAP1,2
TRIM28,2
SLC6A8,1
PNCK,1
PLXNA3,2
ZNF341,1
TUBG1,1
TOP2A,1
PIAS3,1
RHPN2,1
PPARG,2
RAN,1
UNK,2
NXT1,1
POLR3F,1
ARHGEF11,1
AP3B1,2
CHRM3,2
DPF2,1
MEN1,1
CCNB1,1
CDK7,1
ARL8B,2
HILPDA,1
MRAP2,0
NAT10,2
DNAJC14,2
TROAP,1
ESPL1,1
CCT7,1
SMYD5,1
URB2,1
COG2,1
NTPCR,1
PIGC,1
KAT7,1
TOR1B,0
ZNF189,2
UBAP2,2
TJAP1,1
MTCH1,1
PNPT1,2
DYNC2LI1,2
CENPO,1
KIF11,1
EXOC6,2
PLCE1,1
METTL5,2
ZCRB1,1
SNRPF,2
DIAPH3,1
UBE2Q2,1
SCAMP2,1
CSNK1D,2
RPTOR,2
FOXK2,2
MIEN1,0
CCDC97,2
SAE1,1
ZNF473,1
CTU1,2
CELSR2,2
ATP1B1,2
POGK,1
PFDN2,1
PRCC,1
MRPL24,0
ISG20L2,1
HDGF,1
TUFT1,1
ZNF687,1
SETDB1,1
PIP5K1A,1
ENSA,1
INTS7,0
TAF1A,1
TP53BP2,0
RAB13,1
SNAPIN,0
UBAP2L,1
CREB3L4,1
EFNA3,1
AQP10,1
TTC13,1
SNAP47,1
C1orf35,1
PARP1,1
PYCR2,1
LBR,0
SOX13,1
PPFIA4,1
EML4,2
SNRNP200,2
DQX1,1
FANCD2,2
SRPRB,0
TM4SF19,2
ENOPH1,0
CDKAL1,1
ABT1,1
PRIM2,1
TMEM209,2
NOM1,1
NONO,1
GPC3,1
RGS20,1
ATP6V0D2,1
NDUFB9,1
GSDMC,0
ARHGAP39,1
PARD3,1
PPRC1,1
PDCD11,1
BTBD10,1
APIP,0
EIF3M,2
SERPINH1,1
YTHDF1,1
MRPL49,0
ALDOA,2
DHX37,2
RNF144A,1
BAG3,1
AP1S3,2
FAM168B,2
RPP38,1
GGPS1,0
CDYL,1
HNRNPU,1
ASAP1,1
TRIM11,1
ENAH,2
PPP4R1,2
EME1,1
ANKRD40,2
FBXL18,1
AZIN1,1
RBM45,1
UQCRB,2
FBXO43,1
ZFAND3,1
NSMCE2,1
FAM81A,1
SLC35B2,1
PSMG3,1
AGAP1,1
CNNM4,1
ABHD3,1
COLEC12,1
DUSP23,0
USF1,2
DEDD,1
ALG8,2
MRPL10,1
STC1,1
CHAF1B,1
CELF3,1
IQCC,2
WDR4,2
HSF2BP,0
CSTB,0
AIRE,1
PKN3,1
NEK8,1
TLCD1,1
CHTOP,1
FLAD1,1
SHC1,1
CRTC2,1
UBQLN4,1
GPATCH4,1
CPSF4,1
YDJC,1
DVL3,1
PLXDC1,1
MPP3,2
ASB16,0
DBF4B,2
RACGAP1,1
SPC24,2
LEMD2,1
ZFPL1,2
PRKAA2,0
ZSWIM5,1
ATXN7L2,1
DPY30,2
ACTG2,1
MSX1,1
LYSMD1,1
SCNM1,1
ERCC3,1
DHX57,2
DCST1,2
YY1AP1,1
ELF3,2
KRTCAP2,2
TMEM79,1
SSR2,1
EIF5A2,2
THOC7,2
ADAMTS9,1
DCLK3,1
KIF15,2
WDR43,2
POLR2H,1
POC1A,1
ELOVL7,2
ESM1,0
TIGD6,1
UTP15,2
CCDC127,1
SLC29A4,2
CDCA7L,1
MED30,2
OSGIN2,0
SUN1,2
OSR2,2
YWHAZ,1
DCAF13,2
INTS8,2
METTL2B,2
MID1IP1,2
SKA3,1
CDX2,1
VDAC2,1
ZMYND19,2
E2F7,1
TRMT61A,1
STXBP4,2
AKIP1,0
LEO1,1
SAAL1,1
TAC3,2
MYO1A,2
SMAD3,2
PRRX2,1
RRM1,1
SMG8,0
MVD,1
ANKRD33,0
TMEM145,1
ZNF526,1
ZNF146,2
CHAF1A,1
SRP68,1
TMEM68,2
DDB1,1
FTH1,1
PBK,1
NKIRAS2,1
DTYMK,2
TMEM223,1
MFF,1
LMAN2,0
SLC50A1,1
GPRIN1,1
HOXD4,1
NANP,1
ZNF282,2
CDK1,1
SMAGP,1
SIX2,1
KCNMB3,2
ZNF692,1
SHCBP1,1
APLN,1
DLK2,1
WIPF2,1
ADRA1D,1
NME6,1
MRPL13,1
PAIP1,0
C5orf34,2
GTPBP2,0
PPP1CA,1
HCFC1,1
HSPA6,1
RNF26,1
SMARCC1,1
MUC13,1
TOMM20,2
TIGD3,1
ADCY6,2
EXO1,1
IGDCC3,1
LEP,1
BRMS1,1
KLC2,1
PARL,1
SART1,1
CLCF1,2
TMEM70,2
SLC35E3,1
ETV4,2
HOXD8,1
UNC119B,1
NUPR1,0
ATAD5,2
KCMF1,0
CLK2,1
LMNB2,1
VSIG10,2
FAM91A1,2
SIX5,1
FBXO46,2
MAN1B1,2
ARIH2,2
SOX12,1
ZNF620,1
ZFAND2A,1
EXOSC4,1
AURKB,1
RRS1,2
CYC1,0
DAND5,1
HTR1D,0
APOBEC3B,0
HARBI1,2
METTL23,0
NPM1,2
PJA1,1
ZFP41,1
PRKAG1,2
TNRC18,2
TDRKH,1
C8orf33,1
PLCB1,2
MAFA,1
ACBD3,1
FANCF,2
PMCH,0
ZNF530,2
CMTM4,1
AIFM3,1
NR2C2AP,2
IRAK1,1
KNTC1,2
PRMT3,1
DNAH14,2
KIF18B,1
PRELID2,2
RGS9BP,1
ERCC6L,2
SESTD1,2
ZP3,1
NDOR1,2
ZDHHC9,0
SLX4,2
FAM111B,1
BLOC1S3,1
ZNF765,2
RFX8,0
MYL6B,1
C20orf96,1
MMP1,2
TRAPPC4,2
LAGE3,1
ZNF138,1
GMFB,2
MAFG,2
RAD54B,2
ZNF165,1
FITM2,2
ENTPD6,1
NMB,1
GPAA1,0
MRPL42,2
ZNF335,2
PRIM1,2
ZNF544,1
ZNF28,2
NCOA6,1
STK39,2
IPO9,1
SMURF1,2
APCDD1L,1
TSEN15,2
SREBF2,1
CCDC167,1
CHML,2
CSNK2B,1
SPIRE2,1
HMGN1,0
NUP62,2
TRIM59,2
ZBTB9,2
TMX2,1
LYRM4,1
FER1L6,2
SLC26A6,0
NOL7,1
TMEM185B,1
NME1,1
ADSL,1
MTFP1,0
EFNA4,1
NME2,2
ATP6V1E2,0
PRKDC,2
MEX3A,1
HMBS,2
POLG2,2
ZHX1-C8orf76,2
