,Normal,Tumor,PVTT,Lymph
NFYA,-0.825079,-0.28125003,1.699498,-0.59316903
ARHGAP33,-1.0676416,-0.49757898,1.6155565,-0.050336044
LIG3,-1.3745341,0.09713226,1.4403691,-0.16296713
BAIAP2L1,-1.3719145,0.089381956,-0.1610483,1.4435806
GTF2IRD1,-1.2974952,-0.2533921,1.4998996,0.050988264
TEAD3,-0.87741673,-0.48441625,1.6978203,-0.33598724
E2F2,-1.2245643,-0.5145516,1.4709802,0.26813516
MED24,-1.3167279,0.017573945,1.4927905,-0.19363695
ZNF207,-1.4054294,-0.33364484,1.3174545,0.4216195
NCAPD2,-0.8191127,-0.62582314,1.6954737,-0.2505374
UTP18,-1.6641986,0.11869023,0.8777721,0.66773635
PTBP1,-0.62069863,-0.48694953,1.7294453,-0.62179726
QPCTL,-1.4949071,1.0833427,0.7092345,-0.29767033
BRCA1,-1.4169004,-0.41506967,0.64947736,1.1824931
ELOVL5,-1.3377454,0.66617996,1.2136043,-0.5420389
PSMC4,-1.4026046,0.16607104,1.4058622,-0.16932888
DDX11,-1.3152398,-0.6162809,1.0774653,0.8540555
XYLT2,-1.5826443,0.10365412,1.1815286,0.2974614
TTC27,-1.4767668,-0.041587885,0.18266708,1.335688
ZFP64,-1.0916392,-0.22763312,1.6307868,-0.31151423
SERPINB1,-1.3380845,-0.28778842,1.4473561,0.17851706
BRD9,-1.1025621,-0.10699064,1.6150736,-0.40552035
ATP6V0A1,-1.0946407,-0.16426384,1.6250323,-0.3661272
DAPK2,-0.80645245,-0.27419558,-0.61953604,1.7001842
METTL1,-1.5724002,-0.16058624,0.85786605,0.87512016
AIFM2,-1.5978352,-0.0949943,0.8967355,0.79609305
CUL7,-1.0076051,-0.57759744,1.62767,-0.04246736
ATP6V1H,-1.4340253,-0.21368383,0.30402824,1.3436805
MRPS10,-1.0481269,0.0029975662,1.6077543,-0.56262493
NEDD4L,-0.79381686,0.20836535,-0.9632724,1.5487237
HEXB,-0.9970227,1.180849,0.80101633,-0.9848423
PTPRN,-1.0752589,-0.48855796,1.6132829,-0.049465828
PLEKHH1,-0.7060456,-0.26437926,1.701917,-0.73149234
MTA3,-1.2738153,-0.14344607,1.5309758,-0.11371428
TARBP1,-1.579836,-0.1315605,0.96145976,0.7499369
SPAG4,-1.6612651,0.47357032,0.9879414,0.19975352
TAF2,-1.5776969,-0.14510655,0.807593,0.91521037
ZFAT,-1.2571677,-0.63756686,0.6171948,1.27754
IARS2,-1.3968737,0.49936303,1.2844039,-0.38689402
HEATR6,-1.527842,-0.22275424,1.079976,0.6706204
PRR11,-1.676377,0.3162955,0.96709996,0.3929817
NUP133,-0.9838833,-0.23461635,1.666264,-0.44776437
GNB5,-1.1451368,0.070691496,1.5634898,-0.48904476
JMJD6,-0.87634265,-0.18890083,1.6791313,-0.6138881
AP3M2,-1.3159014,0.2881128,1.4241745,-0.39638546
TCOF1,-1.5162846,-0.167062,1.1995447,0.48380157
RAD18,-1.2560078,-0.040265426,-0.24086894,1.5371419
DAZAP1,-1.1402848,0.17039661,1.5338424,-0.56395346
HLTF,-1.4212188,1.0386093,-0.45221472,0.8348234
FAM50A,-0.9149304,1.1455092,0.83973074,-1.0703098
NLE1,-1.6168542,0.00052434194,0.60876375,1.0075659
SMARCE1,-1.6837908,0.91184473,0.25286174,0.51908433
CA12,-1.2687649,-0.54893196,0.44146234,1.3762343
GTSE1,-0.84940696,-0.29953372,1.6989157,-0.549975
PLXNA2,-1.1145626,-0.56124216,0.11727876,1.5585259
SPAG5,-1.476495,0.47275108,1.2410327,-0.23728928
TPD52,-1.281871,0.11279017,-0.32669777,1.4957788
UBE2T,-1.1025939,-0.19409896,1.6245396,-0.32784677
EXOSC5,-1.3696233,-0.14431484,1.4488149,0.06512284
SLC25A43,-0.8088949,1.0769411,0.90279,-1.170836
TULP3,-0.8670114,-0.25107676,1.6904571,-0.5723694
CBFA2T2,-1.2680273,0.6932247,1.221839,-0.6470366
TP73,-0.9328051,0.48048532,1.4086809,-0.9563611
PAFAH1B3,-1.2646257,-0.33634403,1.5097247,0.09124505
HSP90AA1,-0.7991873,-0.28347558,1.7021203,-0.6194576
ATP8B1,-0.51887006,0.15374292,-1.1665987,1.531726
NKAIN1,-0.6825272,-0.4884637,1.7278504,-0.5568597
AGBL5,-1.2474058,0.052615754,1.5267627,-0.33197275
CAD,-1.213566,-0.5186316,0.25045848,1.4817388
ATXN7L3,-1.2315419,-0.6145921,1.3711047,0.47502938
PDRG1,-1.226096,-0.21311201,1.5609161,-0.12170825
SMOX,-0.8168433,-0.594682,1.7014831,-0.2899579
ZNF343,-1.5467168,-0.10136687,1.1699479,0.47813573
DYNLL1,-1.3756438,0.039617725,1.4469712,-0.11094547
BIRC5,-1.4250365,0.013083106,1.4032189,0.008734492
STRN4,-1.179333,-0.68056965,1.3862292,0.47367373
TFAP4,-1.2828118,-0.55780923,0.50239927,1.3382219
GOLGA3,-0.87810785,-0.31733117,-0.50084585,1.6962844
PUS7,-1.3973712,-0.3274835,0.38674542,1.3381091
ANGPT2,-0.72319907,-0.046375025,1.6454833,-0.8759094
TMEM101,-1.7156029,0.35307944,0.7248838,0.63764
RFFL,-1.522171,1.0653069,0.69947046,-0.24260582
SRPK1,-1.238211,-0.1556944,1.5545968,-0.16069092
BRPF3,-0.8097293,-0.44433796,1.7134407,-0.45937318
MRPS18A,-0.94146633,-0.030927815,1.6350899,-0.66269577
ERMP1,-0.8536434,-0.98135513,0.35865042,1.4763485
FBXL19,-0.837036,-0.5878208,1.6969916,-0.272135
PPIL2,-1.5134611,-0.2848856,0.9741724,0.82417446
DMC1,-1.3548383,1.2605513,0.58145547,-0.48716855
TOMM22,-1.008207,-0.15480302,1.6499754,-0.4869658
MIOX,-1.2793965,1.5183654,0.0012585588,-0.2402277
MCM5,-1.4171168,-0.46264666,1.0139832,0.86578053
PDGFB,-0.43204963,-0.48674497,1.7152478,-0.796453
SAMM50,-0.8736585,-0.40081978,1.7011746,-0.426696
MMP9,-1.0993003,1.2635188,0.6865177,-0.8507362
NDRG3,-0.87510705,-0.31117958,1.6962564,-0.50996995
RAE1,-0.9373693,-0.34027192,1.6850926,-0.40745136
DNAJC5,-1.0054787,-0.21416341,1.6584828,-0.43884128
PRPF6,-1.3189168,-0.17410116,1.4933677,-0.00034968954
RNF24,-0.985783,-0.20378712,1.6622972,-0.47272724
TRIB3,-1.0071219,1.3189124,0.61791617,-0.9297068
CSNK2A1,-0.96194035,-0.28103277,1.6758112,-0.43283764
HM13,-1.4958618,-0.045947537,1.3055532,0.23625615
CDK5RAP1,-1.0389041,-0.41651005,1.6464244,-0.19101006
CSTF2,-1.2923777,-0.21382192,1.5112956,-0.005095915
POLA1,-1.1646161,-0.4762306,0.08875189,1.5520943
NKAP,-1.5876509,0.9117953,0.7959691,-0.12011271
SUV39H1,-1.1418911,0.25293288,1.5020674,-0.6131095
PGK1,-1.6655929,0.40909934,0.9950229,0.26147148
UBL4A,-1.5154076,1.1808438,0.523078,-0.18851398
MAGED2,-0.6725172,0.022134472,1.6166503,-0.9662674
AAGAB,-1.0364745,-0.34116614,1.6532837,-0.27564323
TRIP4,-1.3416553,0.080132745,1.4667697,-0.2052469
STK3,-1.2847512,-0.23940404,0.010221535,1.5139339
GDAP1,-1.3673898,-0.52143806,0.7513946,1.137433
NDRG1,-1.4527705,0.16229336,1.3630314,-0.07255442
CHRAC1,-1.5960137,-0.09068484,0.7383717,0.948327
UBR5,-1.2005472,-0.47251862,0.15248701,1.520579
SQLE,-1.652714,0.22126828,1.028019,0.40342692
PIH1D1,-1.6200197,0.18437348,1.11216,0.32348558
ERCC2,-1.483371,0.051089432,1.3371421,0.09513969
POP4,-1.1626168,1.4833165,0.2849984,-0.60569793
PDCD5,-1.6426872,0.30900276,1.0647987,0.26888585
ANKRD27,-1.3614075,-0.10473252,0.00477867,1.4613616
GPI,-1.5928072,0.38725615,1.1442186,0.061332714
CYTH2,-1.041082,-0.6407823,0.102280475,1.5795838
GRWD1,-1.5029472,-0.30940682,0.9455706,0.86678344
TMEM147,-1.7039119,0.33343536,0.8375596,0.5329159
GSK3A,-1.2253767,-0.34636545,1.5419452,0.029797703
ZNF574,-0.8729481,-0.5602982,1.6905149,-0.2572686
AVL9,-1.6114696,-0.058674537,0.78490305,0.88524044
DUS4L,-1.3627088,0.24358782,-0.29410028,1.4132215
STEAP1B,-1.4355549,-0.234732,1.3296912,0.3405955
DNAJB6,-0.9149818,0.008239927,1.6263264,-0.7195849
SSBP1,-1.5803223,-0.13587886,0.93375236,0.7824482
TAX1BP1,-1.58326,0.07812292,1.1735588,0.33157784
STX1A,-1.1582016,-0.7841681,1.2515857,0.6907844
BUD31,-1.6200753,-0.006119045,0.9759851,0.65020865
NUDT1,-1.3577679,-0.44835654,0.5003218,1.3058027
YKT6,-0.90306354,-0.25521687,1.685606,-0.52732575
FSD1L,-1.0339041,-0.19683857,-0.41781154,1.6485541
TESK1,-0.28150994,-1.1273066,1.6147791,-0.20596261
CUL2,-1.3280504,0.06794397,1.4779128,-0.21780677
UBE2S,-0.95834094,-0.02395206,1.6310059,-0.6487129
GIT1,-1.2185732,-0.30252022,1.5563791,-0.035285506
RECQL5,-1.2076826,-0.10261543,1.5696251,-0.25932586
C17orf75,-1.7060755,0.37039518,0.84117883,0.49450192
CCL7,-0.9168875,1.5284734,0.25815198,-0.86973757
VAT1,-1.1464589,0.23008792,1.5100467,-0.5936755
LRRC59,-1.5779104,0.2967947,1.1889567,0.09215961
EFTUD2,-1.5109177,0.25231862,1.2855872,-0.026987834
MMD,-1.1275867,-0.32690236,1.6115278,-0.15703835
NAT9,-1.6128162,0.12295631,0.37488523,1.114974
HTATIP2,-1.32401,1.3634284,0.4203381,-0.4597564
CCDC34,-1.432568,-0.21777491,0.30627507,1.344068
EIF4G2,-0.6233995,0.2208495,1.5206639,-1.1181144
CHKA,-0.8737655,-0.6644262,-0.12869409,1.6668862
FOXM1,-0.85084623,-0.35774615,1.7037804,-0.49518794
RAD51AP1,-0.9777518,-0.4174666,1.6713663,-0.27614814
DDX55,-1.610635,-0.03457425,0.6624458,0.9827639
CDCA3,-1.0678135,-0.184097,1.6364608,-0.38455042
NT5DC3,-0.07418178,1.5989555,-1.1334469,-0.3913264
FANCE,-0.98055255,-0.5207315,1.656299,-0.15501495
RNF8,-1.2149843,0.067033075,1.5384505,-0.39049938
E2F3,-1.5169302,-0.24357484,1.092272,0.668233
VNN2,-0.3800857,1.435202,-1.3146715,0.25955513
BYSL,-1.0761331,-0.376746,1.6332392,-0.18035986
CEP72,-0.8554991,0.108707905,-0.84673846,1.59353
OGG1,-1.5840232,1.1243286,0.47591233,-0.016218053
PFKFB4,-0.9801069,-0.18747291,1.6614316,-0.4938517
TFG,-1.1606059,0.6224933,1.2987925,-0.76067984
UMPS,-1.2622752,-0.16647388,1.5384758,-0.109726995
SLC41A3,-1.207676,0.49811113,1.3651446,-0.6555794
CSPG5,-1.5072589,-0.2965016,0.98398167,0.81977886
RRP9,-1.378352,-0.17630751,1.4332942,0.12136528
DGUOK,-1.414907,0.018389303,-0.016781822,1.4133005
CENPA,-0.9580536,0.13951957,1.5771002,-0.7585661
SLC30A3,-0.7154904,-0.59670466,1.7217168,-0.4095217
OTX1,-1.0163196,-0.3214261,1.661092,-0.3233461
PDCL3,-1.500145,-0.026515374,1.3034765,0.22318374
NOL10,-1.5587405,0.20610526,1.2299589,0.12267687
CEBPZ,-1.4614443,-0.31425527,0.5805484,1.1951518
SLC1A4,0.5560502,1.3611784,-0.9509465,-0.96628237
PNO1,-1.6633865,0.11392731,0.67534566,0.87411326
BCL9,-0.99584204,-0.013007338,1.622289,-0.6134396
PHF13,-0.57680154,-0.2162338,1.6822256,-0.8891906
GON4L,-0.90860474,-0.38785726,1.6931226,-0.3966609
SMG7,-1.0403721,-0.41495004,1.6459368,-0.1906146
GNPAT,-1.5221233,0.29820636,1.2620461,-0.03812932
TSNAX,-1.0014035,-0.043542694,1.6291211,-0.5841747
SIPA1L2,-0.8390303,-0.24019453,-0.6127701,1.6919951
APH1A,-1.2144737,0.6640027,1.2582524,-0.7077818
NEK2,-1.190712,0.02256183,1.5586027,-0.39045292
KIF14,-1.4070307,0.0752057,1.416822,-0.08499639
DDX59,-1.2845343,0.56067276,1.3036394,-0.5797779
PMFBP1,-1.0613219,1.235554,0.7289183,-0.90315026
SPP1,-1.2018949,0.9010195,-0.77106917,1.0719446
PIGZ,-0.50415796,-0.19385248,1.6651809,-0.9671705
C1orf198,-0.4699008,0.17084824,1.5106449,-1.2115924
HEATR1,-1.527671,-0.23065616,1.0624143,0.6959134
TRIM32,-1.3813442,-0.32031304,1.3711503,0.33050653
DCAF4,-1.2171805,-0.30730945,1.5565995,-0.032109015
ACYP1,-1.6207328,0.013091375,0.6028268,1.0048152
KLHL29,-1.3383737,0.4417933,-0.44938654,1.3459668
NKX2-3,-0.5773502,-0.5773502,1.7320508,-0.5773502
MTHFD1L,-1.1164192,-0.3263491,1.6175747,-0.17480603
NUDCD1,-1.3474251,-0.22102574,1.4571201,0.111331
ENY2,-1.5824639,0.006497795,1.1443063,0.4316591
PAIP2,-1.6759211,0.18582042,0.59247035,0.8976294
COIL,-1.2982545,-0.1271139,1.5134774,-0.08810875
LHX4,-0.9588518,1.4716965,-0.8822047,0.36936027
B4GALT4,-0.5066655,-0.06551376,1.6231205,-1.0509415
KIF18A,-1.7208295,0.62144566,0.70497984,0.39440405
GPSM2,-1.40732,0.4444307,1.3055667,-0.34267688
CBX3,-1.4648644,-0.27580652,1.2330579,0.507613
KIAA1549,-0.59038806,-0.37147188,1.7160137,-0.75415367
TRIM24,-1.4456735,-0.109745674,0.19105838,1.3643608
PLAU,-0.8525891,0.27337134,1.5205868,-0.94136906
ZWINT,-1.4868035,0.48714632,1.2252411,-0.2255837
RBM19,-0.987436,-0.04452421,-0.5999311,1.6318917
CIT,-1.5032635,-0.28803888,1.0582085,0.7330944
IFT81,-1.5368983,0.20225435,1.2616283,0.07301537
LPGAT1,-0.6342331,0.6027924,1.2873132,-1.255872
ACSL3,-1.3440536,0.20459907,-0.29701376,1.4364686
DDX27,-1.2887079,-0.39267752,1.4617836,0.21960175
SNRPC,-1.2188954,0.1035742,1.527608,-0.41228637
AARS2,-1.4860162,-0.052621845,1.3194479,0.21918993
MEA1,-1.2836931,0.16458313,1.4811951,-0.36208555
RPP40,-1.28831,-0.02548357,1.5161351,-0.20234157
EEF1E1,-1.2782438,-0.14413294,1.5278096,-0.10543303
SCGB2A1,-0.12914829,-0.37867296,-1.1082544,1.6160754
RAP2A,-0.97491884,0.44869322,1.4271042,-0.9008781
GGA3,-1.2405037,-0.26403406,1.5458744,-0.041337524
CCDC93,-1.323217,-0.39052626,1.4172858,0.29645684
DTD1,-0.67820567,-0.0694833,1.6497148,-0.9020259
RBCK1,-1.6009564,1.149324,0.30950245,0.14212964
SNRPB,-1.1691396,-0.124292955,1.590427,-0.2969945
TBC1D20,-0.6974411,1.1512144,0.79422235,-1.2479953
ITPA,-1.0192643,0.04156855,1.6027212,-0.62502563
TMEM74B,-0.9661307,-0.5620001,1.6537719,-0.12564097
RALY,-0.79381835,-0.108064,1.6657413,-0.76385915
DYNLRB1,-1.374888,0.009040475,1.4500065,-0.08415843
EIF2S2,-1.6097071,0.18743928,1.1367437,0.28552288
CEP250,-1.1283084,-0.3728035,1.6053276,-0.104216
TMEM115,-1.3296459,-0.04947313,1.489125,-0.110005386
XRCC3,-1.5469342,-0.21840724,0.905874,0.85946804
UBA2,-1.1823021,-0.123594806,1.5841311,-0.2782346
PRMT1,-1.3889972,-0.4980772,0.79848504,1.0885897
WNK4,-1.0705988,-0.0042055524,1.6042193,-0.5294149
TRAF2,-1.729499,0.60846454,0.48894125,0.63209224
PKMYT1,-1.4280431,-0.42197722,1.1138753,0.7361454
SGCE,-0.89470416,0.45980301,-0.9853622,1.420263
RIBC2,-0.9634287,-0.58194566,1.649914,-0.10453966
PRKRIP1,-1.5660855,-0.014513855,1.1763171,0.40428194
VGF,-0.6238548,-0.56866676,1.731243,-0.5387215
HOXD1,-0.64944357,-0.4405103,1.726115,-0.6361611
HOXD9,-0.62252545,-0.51069546,1.7305601,-0.59733903
DLL4,-0.5950616,-0.44386065,1.7255312,-0.68660885
E2F8,-1.1900426,-0.17700547,1.5829842,-0.2159361
ILF3,-1.0257214,-0.4170211,1.6522945,-0.20955217
NSUN5,-1.0218234,-0.2820311,1.658485,-0.35463062
CAMSAP1,-1.387317,-0.48627183,1.1413959,0.7321928
TRIM28,-1.2558188,-0.68780416,0.79715705,1.1464663
SLC6A8,-1.327448,-0.4040526,1.4022089,0.32929158
PNCK,-0.998164,0.16709046,1.5623602,-0.73128676
PLXNA3,-0.69207203,-1.2567331,0.8282223,1.1205829
ZNF341,-1.5576919,0.10361653,1.2298757,0.22419922
TUBG1,-1.5783802,0.2580061,1.1942539,0.12612057
TOP2A,-1.3990788,-0.20085235,1.4009424,0.19898875
PIAS3,-1.4226168,-0.24733184,1.3451825,0.32476535
RHPN2,-1.3419315,-0.5045186,1.26963,0.5768195
PPARG,-1.0642782,0.09500052,-0.6081869,1.5774648
RAN,-1.4814433,-0.09936717,1.3128854,0.26792535
UNK,-1.4253496,-0.264446,0.35974744,1.3300483
NXT1,-0.84272385,-0.43235818,1.7075797,-0.43249783
POLR3F,-1.2558208,-0.38114688,1.5032501,0.13371727
ARHGEF11,-0.7516875,0.1574818,1.5686423,-0.9744368
AP3B1,-1.5473496,0.13857184,0.15933046,1.2494483
CHRM3,-0.56929845,-0.300042,-0.83182067,1.7011609
DPF2,-1.4098024,-0.39134586,1.2449847,0.556164
MEN1,-0.7554489,-0.30181426,1.7074664,-0.65020293
CCNB1,-1.2864043,-0.21979433,1.5155091,-0.009310361
CDK7,-1.3725268,-0.37632248,1.3462902,0.40255934
ARL8B,-1.5487604,0.16181895,0.13968684,1.2472543
HILPDA,-1.3928558,-0.09584868,1.4308816,0.057822645
MRAP2,-0.7271804,1.6793847,-0.16183412,-0.7903701
NAT10,-1.3030946,-0.64123344,0.9888741,0.95545393
DNAJC14,-1.5797883,-0.12042607,0.9991087,0.7011053
TROAP,-1.6648258,0.19871278,0.9719337,0.49417928
ESPL1,-0.9068577,-0.80787027,1.5835901,0.13113743
CCT7,-1.280465,0.0530563,1.5093405,-0.2819317
SMYD5,-1.1856265,-0.3516651,1.5714499,-0.034158338
URB2,-1.4114064,-0.41791666,1.1975633,0.6317597
COG2,-1.6913513,0.37272492,0.9152616,0.40336436
NTPCR,-1.6016115,0.31117955,1.1479089,0.14252196
PIGC,-1.3267606,-0.05811509,1.4916213,-0.10674561
KAT7,-1.6207935,0.09121811,1.0769625,0.452614
TOR1B,-1.0314922,0.71942765,1.2445526,-0.93248963
ZNF189,-0.46136364,-0.24843138,-0.9629647,1.6727595
UBAP2,-1.1923676,-0.7765768,0.8487934,1.1201507
TJAP1,-0.9844858,-0.35726234,1.6716255,-0.3298774
MTCH1,-0.72676414,0.08807215,1.5960789,-0.9573866
PNPT1,-1.3127255,-0.31714386,0.16380715,1.4660623
DYNC2LI1,-1.601945,-0.04692648,1.0144106,0.6344613
CENPO,-1.4008778,-0.42679486,1.2181332,0.6095398
KIF11,-0.9224531,-0.30859038,1.6869969,-0.4559537
EXOC6,-0.73977876,-0.9276943,0.058533646,1.6089389
PLCE1,-1.2256359,-0.1857201,1.5622299,-0.15087433
METTL5,-1.6075402,0.049832445,0.46254364,1.0951642
ZCRB1,-1.6754805,0.5559039,0.91826445,0.2013125
SNRPF,-1.3889043,-0.44024172,0.59500813,1.2341381
DIAPH3,-1.3456643,-0.19160818,1.465368,0.07190448
UBE2Q2,-0.885089,0.17309284,1.567028,-0.8550318
SCAMP2,-1.468104,0.201056,1.3411757,-0.074128106
CSNK1D,-1.7113148,0.3371633,0.7694673,0.6046837
RPTOR,-1.3416299,-0.47654435,0.509054,1.3091215
FOXK2,-1.6154505,-0.03170137,0.69559306,0.9515591
MIEN1,-1.2420774,1.4269798,0.35692498,-0.54182774
CCDC97,-1.4238849,-0.45291457,0.9942136,0.8825866
SAE1,-1.1771117,0.30621415,1.4701973,-0.59929985
ZNF473,-1.2458258,-0.6067392,1.3527724,0.49979272
CTU1,-1.4831352,-0.24118418,0.504738,1.2195817
CELSR2,-1.1506779,-0.8359767,0.95039696,1.0362574
ATP1B1,-0.27250522,-0.013493453,-1.2506757,1.5366747
POGK,-1.5186857,0.032367475,1.2853653,0.2009526
PFDN2,-1.4234661,0.13671862,1.3941044,-0.107356705
PRCC,-1.382442,0.1355837,1.427526,-0.18066795
MRPL24,-1.5525982,1.0967757,0.60383326,-0.14801109
ISG20L2,-0.90301853,-0.42153332,1.694179,-0.36962727
HDGF,-1.1834184,-0.7477347,1.2620033,0.6691497
TUFT1,-0.8115504,-0.4174234,1.7126571,-0.48368323
ZNF687,-0.90971094,-0.052299574,1.6443965,-0.68238634
SETDB1,-1.4138682,-0.28263742,1.3391845,0.3573209
PIP5K1A,-1.3950348,-0.38062084,1.2955832,0.48007298
ENSA,-1.1005207,0.16627082,1.5452709,-0.61102057
INTS7,-1.6367146,0.87893254,0.7405025,0.017279077
TAF1A,-1.1421313,-0.3374575,1.6020781,-0.122489244
TP53BP2,-0.6767296,1.0960078,0.8517058,-1.2709842
RAB13,-1.6575752,0.30923343,1.0261698,0.32217237
SNAPIN,-1.3703654,0.8656681,1.0414487,-0.5367516
UBAP2L,-1.4385856,-0.024620825,1.3871101,0.076096624
CREB3L4,-1.3777277,0.01812744,1.4470292,-0.08742876
EFNA3,-0.85710394,-0.20880121,1.684842,-0.6189367
AQP10,-0.6926431,-0.31111115,1.7101185,-0.70636415
TTC13,-0.84117544,0.18876714,1.5598922,-0.9074841
SNAP47,-1.260487,0.17306456,1.4897498,-0.4023274
C1orf35,-0.8476928,0.30075285,1.5066352,-0.9596955
PARP1,-1.293407,0.20498721,1.4641962,-0.3757767
PYCR2,-1.229615,-0.023848344,1.5491993,-0.2957359
LBR,-1.0457929,1.1064677,0.8862342,-0.9469082
SOX13,-0.7439165,0.03504817,1.6181812,-0.9093124
PPFIA4,-1.5394859,0.2219953,1.2557423,0.061748408
EML4,-0.51757985,0.10713883,-1.1431859,1.5536274
SNRNP200,-1.2576156,-0.6900293,1.1248239,0.82282054
DQX1,-0.72496367,-0.24912831,1.6990557,-0.72496367
FANCD2,-1.3061467,-0.5500788,0.56163853,1.2945874
SRPRB,-1.5186694,0.7750189,1.0107626,-0.26711124
TM4SF19,-1.167772,0.15960263,-0.52125216,1.5294219
ENOPH1,-0.995455,0.6601492,1.2894948,-0.95418847
CDKAL1,-1.1487437,-0.16975866,1.6032706,-0.28476784
ABT1,-1.0466529,-0.04302159,1.6193073,-0.52963257
PRIM2,-1.0301824,-0.47779462,1.6409607,-0.13298354
TMEM209,-1.6288984,0.098115414,0.47780165,1.0529809
NOM1,-1.3095835,-0.15469714,1.5031787,-0.03889763
NONO,-1.3432918,0.19671346,1.4391847,-0.29260647
GPC3,-0.78097636,0.33865497,1.4816298,-1.0393084
RGS20,-1.3656296,-0.46799228,1.2595611,0.57406056
ATP6V0D2,-0.81408936,-0.28422552,1.7009662,-0.60265136
NDUFB9,-1.6209736,0.052931435,1.0488468,0.51919496
GSDMC,-0.57735026,1.7320509,-0.57735026,-0.57735026
ARHGAP39,-1.2901096,-0.4187016,1.4461355,0.2626755
PARD3,-1.1004043,-0.5281967,1.5836991,0.044901703
PPRC1,-0.79523116,-0.84662807,1.628078,0.013781291
PDCD11,-1.2295369,-0.2242849,1.5579151,-0.10409368
BTBD10,-1.1783938,-0.13090558,1.5866151,-0.27731586
APIP,-1.56253,1.1058336,-0.111757986,0.56845534
EIF3M,-1.4091171,-0.43916482,0.6859723,1.1623101
SERPINH1,-0.6884033,-0.47760418,1.7271646,-0.561157
YTHDF1,-1.2003969,-0.54535586,1.4802511,0.26550153
MRPL49,-1.6046097,0.8350578,0.8494266,-0.07987559
ALDOA,-1.4786294,-0.35358384,0.84493107,0.9872818
DHX37,-1.5070516,-0.2193733,0.55466706,1.1717573
RNF144A,-0.6759939,-0.3272539,1.71255,-0.7093022
BAG3,-0.5396883,-0.32634908,1.7032986,-0.83726126
AP1S3,-0.71762466,-0.70919865,-0.27758247,1.7044061
FAM168B,-0.9976154,-1.0016602,1.0376612,0.9616131
RPP38,-0.9747923,-0.23970613,1.6690444,-0.45454583
GGPS1,-1.6622576,0.9720268,0.1810202,0.5092104
CDYL,-1.1531298,-0.42273322,1.5784743,-0.002611304
HNRNPU,-0.8971686,-0.17718068,1.6744041,-0.6000553
ASAP1,-1.3444458,-0.1074883,1.4765851,-0.02465112
TRIM11,-0.8396387,-0.20181106,1.6851927,-0.6437429
ENAH,-1.7209754,0.7296908,0.41057566,0.5807089
PPP4R1,-0.99877566,-0.67750674,0.08366512,1.592618
EME1,-1.2604972,-0.23214886,1.5347574,-0.04211096
ANKRD40,-1.639293,0.10124864,0.5244021,1.0136421
FBXL18,-1.1656921,-0.77629393,1.2474657,0.6945207
AZIN1,-1.3532346,-0.109454446,1.4685847,-0.005895419
RBM45,-1.571226,0.05455204,1.1931489,0.32352513
UQCRB,-1.4483643,-0.38283104,0.71679705,1.1143979
FBXO43,-1.3929069,-0.1116667,1.428848,0.07572573
ZFAND3,-0.85384077,-0.06375095,1.6516714,-0.7340801
NSMCE2,-1.4317753,0.075022385,1.3939189,-0.037166085
FAM81A,-0.7573959,-0.37008637,1.7156482,-0.5881658
SLC35B2,-1.1483736,0.06307853,1.5644906,-0.4791956
PSMG3,-1.1972426,-0.37639174,1.5571342,0.016500361
AGAP1,-1.3081201,-0.45125484,1.3980939,0.36128148
CNNM4,-0.6151267,-0.9544738,1.644677,-0.07507613
ABHD3,0.23260124,-0.47424138,1.4794586,-1.2378182
COLEC12,-1.0918226,-0.35722908,1.62742,-0.17836784
DUSP23,-0.17548108,1.3617699,0.2468402,-1.433129
USF1,0.5953997,-0.37737292,-1.4279749,1.2099491
DEDD,-1.0960444,-0.019253965,1.6008103,-0.48551217
ALG8,-1.6822908,0.19994496,0.61618286,0.866163
MRPL10,-1.134966,-0.09862257,1.6019988,-0.36841017
STC1,1.1291122,-0.90799314,0.85799783,-1.0791171
CHAF1B,-1.4385358,0.025650019,1.389024,0.023862617
CELF3,-0.6411144,-0.44421726,1.7264459,-0.6411144
IQCC,-1.2971718,-0.6253565,0.763506,1.1590223
WDR4,-1.3689915,0.54492515,-0.45091996,1.2749864
HSF2BP,-1.5923916,0.7960486,0.9048839,-0.10854091
CSTB,-0.89759094,0.97171754,1.022972,-1.097098
AIRE,-0.6532745,-0.41745657,1.7240055,-0.6532745
PKN3,-0.9108302,-0.65849,1.6522417,-0.08292163
NEK8,-1.1574478,-0.65812355,1.4458554,0.36971602
TLCD1,-0.8924272,0.023588166,1.6230272,-0.7541883
CHTOP,-1.4644053,-0.32085726,1.174576,0.61068755
FLAD1,-1.4540881,0.15300141,1.3632163,-0.062130127
SHC1,-1.4304441,-0.14502728,1.3758435,0.19962856
CRTC2,-0.75411725,0.05101848,1.6128047,-0.90970623
UBQLN4,-1.0094628,-0.20850609,1.6567883,-0.43881944
GPATCH4,-1.3976179,9.749875e-05,1.4302424,-0.032722183
CPSF4,-1.5043821,-0.1425455,1.2479221,0.39900553
YDJC,-0.6791113,-0.10425457,1.6607587,-0.87739325
DVL3,-0.87775815,-0.039023507,1.6432482,-0.72646636
PLXDC1,-0.15215325,-0.23978542,1.5820689,-1.1901304
MPP3,-1.0211046,-0.5941104,0.0014069339,1.613808
ASB16,-0.9597976,1.356757,0.5628383,-0.9597976
DBF4B,-1.1390686,-0.7874904,0.62670344,1.2998555
RACGAP1,-1.4461459,-0.2706111,1.2837049,0.43305168
SPC24,-1.5944638,-0.080013,0.9943154,0.68016154
LEMD2,-0.68525827,0.2148288,1.5339866,-1.0635576
ZFPL1,-1.6912304,0.22714052,0.6415832,0.8225072
PRKAA2,-1.3389939,1.1889623,-0.55036783,0.7003993
ZSWIM5,-1.6337507,0.08105532,1.0201273,0.5325681
ATXN7L2,-0.4520032,0.083770454,1.5480952,-1.1798629
DPY30,-1.6841555,0.27161548,0.9209922,0.49154764
ACTG2,-0.7045212,-0.22341256,1.6934395,-0.7655057
MSX1,-0.60486174,-0.53310156,1.7314069,-0.59344345
LYSMD1,-1.3140264,0.18441929,1.4595991,-0.32999226
SCNM1,-1.235104,0.16679159,1.502674,-0.43436143
ERCC3,-1.1127326,-0.4674126,1.5947222,-0.014577047
DHX57,-1.4389535,-0.4153281,0.789782,1.0644997
DCST1,-0.7433758,-0.20255488,-0.7433758,1.6893065
YY1AP1,-1.2365749,-0.22161798,1.5532947,-0.09510098
ELF3,-0.9433266,-0.7458957,0.09393129,1.5952905
KRTCAP2,-1.5442432,0.5894978,-0.15982293,1.1145679
TMEM79,-1.3399925,0.19552249,1.4415121,-0.2970422
SSR2,-1.4725015,0.10199064,1.3494041,0.021106753
EIF5A2,-1.5314724,0.07924956,0.1812099,1.2710134
THOC7,-1.4864405,-0.31879154,1.0750052,0.73022616
ADAMTS9,-0.8972312,-1.041706,1.3086482,0.63028884
DCLK3,-0.6540884,-0.41564858,1.7238253,-0.6540884
KIF15,-1.5498124,-0.19513339,1.0095619,0.73538405
WDR43,-1.5741645,-0.004592414,0.41806266,1.1606932
POLR2H,-1.1954002,0.0049721794,1.56021,-0.36978212
POC1A,-1.2641672,0.19586846,1.4809561,-0.4126576
ELOVL7,-0.14526351,-0.864435,-0.6617493,1.6714481
ESM1,-0.66397256,1.2269279,0.69200325,-1.2549582
TIGD6,-1.5396568,-0.12676547,1.168551,0.4978723
UTP15,-1.2234803,-0.035718407,-0.29480013,1.5539991
CCDC127,-1.4462154,-0.09517086,1.3671275,0.17425846
SLC29A4,-1.3630602,-0.5531925,0.96214366,0.9541092
CDCA7L,-0.8630963,-0.2734449,1.6939771,-0.55743575
MED30,-1.356863,-0.5537887,1.0713965,0.8392556
OSGIN2,-0.5073919,1.7265929,-0.5141987,-0.7050034
SUN1,-1.3085054,-0.5341386,0.5309106,1.311733
OSR2,-0.95548,0.18311566,-0.78754115,1.5599056
YWHAZ,-1.1815976,-0.76909286,1.2095747,0.74111533
DCAF13,-1.4647925,-0.3626977,1.076493,0.75099677
INTS8,-1.4832116,-0.34855875,0.9370947,0.89467514
METTL2B,-1.2713331,-0.17259873,-0.08780346,1.5317353
MID1IP1,-1.6899105,0.6696582,0.2140664,0.8061862
SKA3,-1.3597678,-0.29360983,1.4174494,0.23592818
CDX2,-0.6535752,-0.49917346,1.7294681,-0.5767195
VDAC2,-1.0113968,0.048704594,1.6019077,-0.63921547
ZMYND19,-1.2411563,-0.5089758,0.29670978,1.4534228
E2F7,-1.2907568,0.2303414,1.4572054,-0.39679033
TRMT61A,-1.3031279,-0.5321646,1.3266138,0.50867873
STXBP4,-1.2389966,-0.6679642,0.63688827,1.2700727
AKIP1,-1.501673,1.2873958,-0.07262895,0.286906
LEO1,-1.3624803,-0.08603324,1.4615321,-0.013018242
SAAL1,-1.0932488,-0.31674486,1.6297774,-0.2197838
TAC3,-1.091154,-0.89205444,1.1450047,0.8382039
MYO1A,-1.2572294,-0.62289983,0.576797,1.3033324
SMAD3,-1.2863781,-0.64025885,0.76415247,1.1624846
PRRX2,-0.6247671,-0.4794667,1.7290009,-0.6247671
RRM1,-1.4350541,-0.023017332,1.3912684,0.06680339
SMG8,-1.4331439,1.3925123,-0.03528443,0.075915575
MVD,-1.3109165,0.00715727,1.4979151,-0.19415608
ANKRD33,-0.9880685,0.7702593,1.2058779,-0.9880685
TMEM145,-0.71329105,-0.43710673,1.7237732,-0.57337534
ZNF526,-1.4097623,-0.35169935,1.2915256,0.4699357
ZNF146,-1.3590577,-0.03874136,-0.06743563,1.4652349
CHAF1A,-0.85619223,-0.2918794,1.6971359,-0.54906404
SRP68,-0.8221398,0.23582794,1.5374612,-0.95114905
TMEM68,-1.4230846,-0.033632588,0.052827347,1.4038906
DDB1,-0.87767506,-0.29210007,1.693981,-0.5242059
FTH1,-0.7625528,0.56728333,1.3381262,-1.1428564
PBK,-1.443489,0.09310892,1.3808484,-0.030468322
NKIRAS2,-1.2239726,-0.10111923,1.560803,-0.2357114
DTYMK,-1.7081827,0.2998582,0.6882307,0.72009426
TMEM223,-1.348054,-0.3185794,1.4217147,0.24491872
MFF,-1.6827114,0.4128112,0.9445839,0.32531577
LMAN2,-1.6923608,0.89848846,0.3147284,0.47914428
SLC50A1,-1.3561367,0.51657706,1.2977353,-0.45817536
GPRIN1,-1.6084851,0.18847184,1.1395619,0.28045088
HOXD4,-0.8153029,-0.53002954,1.7093413,-0.36400896
NANP,-1.1430995,-0.357877,1.5986576,-0.097681105
ZNF282,-1.3040504,-0.6392215,0.93492395,1.0083479
CDK1,-1.1543164,-0.053855374,1.5876542,-0.37948263
SMAGP,-1.3487166,-0.19811335,1.4609369,0.08589311
SIX2,-0.6520612,-0.4201478,1.7242702,-0.6520612
KCNMB3,-0.6883172,0.36465496,-1.1306211,1.454284
ZNF692,-1.4819108,-0.10811065,1.308902,0.28111982
SHCBP1,-1.2325642,-0.29924253,1.5462955,-0.014488645
APLN,-1.1282456,0.560037,1.3452336,-0.7770249
DLK2,-0.65928257,-0.50924903,1.729534,-0.5610024
WIPF2,-1.0985645,-0.35895398,1.6237811,-0.1662618
ADRA1D,-0.7331523,-0.22860405,1.6949087,-0.7331523
NME6,-1.2106061,-0.09184533,1.5671427,-0.26469123
MRPL13,-1.4336438,0.026215704,1.3942033,0.013225292
PAIP1,-1.0727912,1.0721583,0.9221612,-0.9215281
C5orf34,-1.5002778,-0.17615308,0.44266155,1.2337697
GTPBP2,-1.6573267,0.6550348,0.9023334,0.09995807
PPP1CA,-1.3508079,-0.09311694,1.4716916,-0.027766876
HCFC1,-1.2631387,-0.5942166,1.3327215,0.5246341
HSPA6,-0.66617316,-0.32556248,1.7121024,-0.7203669
RNF26,-1.5862203,0.59357333,1.0615236,-0.068877384
SMARCC1,-1.0873882,-0.22016013,1.6321081,-0.32455987
MUC13,-1.3392693,0.22837703,1.4321334,-0.32124093
TOMM20,-1.6269917,0.033539314,0.9994923,0.5939596
TIGD3,-0.95536065,0.32468674,1.4949533,-0.86427957
ADCY6,-0.8528628,-0.69827986,-0.1138132,1.6649554
EXO1,-1.1844896,-0.18001547,1.5860338,-0.22152857
IGDCC3,-0.6088674,-0.5129886,1.7307234,-0.6088674
LEP,-0.76871294,-0.13580963,1.6732354,-0.76871294
BRMS1,-1.540646,0.24824922,1.2502006,0.042196702
KLC2,-0.6791191,0.024889236,1.6163335,-0.96210366
PARL,-1.1573085,0.26123065,1.4946808,-0.59860283
SART1,-1.0076329,-0.17776376,1.6534747,-0.46807808
CLCF1,0.98615485,-0.9240213,-1.0731206,1.0109872
TMEM70,-1.1978061,0.7397661,-0.7490158,1.2070551
SLC35E3,-1.2251835,0.35309103,1.4345399,-0.5624477
ETV4,-1.2471229,-0.7093201,1.0959389,0.8605042
HOXD8,-0.6936244,-0.382472,1.7199129,-0.6438166
UNC119B,-0.97980547,-0.9314839,1.3714603,0.5398289
NUPR1,0.19180815,1.4726084,-1.284697,-0.3797198
ATAD5,-1.3854046,-0.4226143,0.53823245,1.2697864
KCMF1,-1.4912555,1.0894401,0.705164,-0.30334905
CLK2,-1.1825447,-0.607569,1.4563922,0.33372125
LMNB2,-0.9023829,-0.61575437,1.6685139,-0.15037628
VSIG10,-1.2151277,0.87999976,-0.75246567,1.0875938
FAM91A1,-1.5939674,0.57913893,-0.04436699,1.0591965
SIX5,-1.1821647,-0.66652834,1.3983688,0.45032367
FBXO46,-1.5217887,-0.016486956,0.2687661,1.2695086
MAN1B1,-1.2018261,0.35448024,-0.59391207,1.4412583
ARIH2,-1.4671023,-0.37734228,0.9682476,0.8761968
SOX12,-1.0669814,-0.3149851,1.6416197,-0.25965303
ZNF620,-0.97722524,-0.45266113,1.6683166,-0.23843019
ZFAND2A,-0.7731688,-0.37372196,1.7146865,-0.5677959
EXOSC4,-1.6589483,0.18733136,0.9907295,0.48088682
AURKB,-0.93549323,-0.40832692,1.6856151,-0.34179485
RRS1,-1.519975,-0.26595348,0.783022,1.0029063
CYC1,-0.7536902,0.67117804,1.2615156,-1.1790036
DAND5,-0.51544356,-0.4841948,1.7246121,-0.72497356
HTR1D,-1.13445,1.3368753,0.5715798,-0.7740053
APOBEC3B,-0.43106917,0.5160117,1.2887509,-1.373693
HARBI1,-1.6121025,0.12408193,0.37076265,1.1172577
METTL23,-1.3056209,0.9125693,1.0287899,-0.6357379
NPM1,-1.6162856,-0.0030694741,0.61415696,1.0051979
PJA1,-0.93350595,0.01255107,1.6233039,-0.70234877
ZFP41,-1.2902128,-0.2704093,1.5029658,0.05765628
PRKAG1,-1.7064117,0.493375,0.37305304,0.83998305
TNRC18,-0.64886063,-0.7598482,-0.29798824,1.7066966
TDRKH,-1.224489,0.5510506,1.3292439,-0.6558051
C8orf33,-1.6571004,0.30671883,1.0274522,0.32292905
PLCB1,-1.2130431,0.5735902,-0.67904073,1.3184931
MAFA,-0.54282486,-0.5455171,1.7306592,-0.6423172
ACBD3,-0.46228224,0.27261376,1.4538765,-1.2642074
FANCF,-1.6575289,0.21912612,0.42758554,1.0108179
PMCH,1.6019505,-0.011028266,-0.5055325,-1.0853891
ZNF530,-1.3987169,-0.22981557,0.23776051,1.3907719
CMTM4,-1.0249703,-0.78413284,1.4953748,0.31372845
AIFM3,-0.7079758,0.030314943,1.6171572,-0.9394965
NR2C2AP,-1.6349126,0.0666576,0.56859976,0.9996557
IRAK1,-1.5603073,0.30836567,1.2119203,0.040020395
KNTC1,-1.1639204,-0.42485547,0.018925859,1.56985
PRMT3,-1.5911704,0.15682699,1.1726447,0.26169932
DNAH14,-1.5307313,0.50389993,-0.14830671,1.1751388
KIF18B,-1.3598036,-0.32450387,1.4021473,0.28216052
PRELID2,-1.0561075,-0.075976714,-0.49179927,1.6238836
RGS9BP,-0.21201566,-0.56312186,1.6793746,-0.9042369
ERCC6L,-1.3976976,-0.4029449,0.53774714,1.2628955
SESTD1,-1.4404367,0.31773645,-0.21129449,1.3339942
ZP3,-1.1922314,-0.2545366,1.5798963,-0.13312827
NDOR1,-0.5351216,0.4924589,-1.2959043,1.3385669
ZDHHC9,-1.4546274,1.3557519,0.19280443,-0.09392814
SLX4,-0.8576892,-0.47601968,-0.36957785,1.7032869
FAM111B,-1.621094,0.4980641,1.0581981,0.06483134
BLOC1S3,-1.6014701,0.05893073,1.119197,0.42334217
ZNF765,-1.3233398,-0.561582,0.66234297,1.2225789
RFX8,-0.7223932,1.7002972,-0.2555108,-0.7223932
MYL6B,-1.4707346,-0.06205851,1.340139,0.1926541
C20orf96,-1.1456769,0.10294405,1.5541252,-0.5113923
MMP1,-0.7339998,-0.22919069,-0.7318395,1.6950301
TRAPPC4,-1.5083702,-0.20498616,0.5288029,1.1845539
LAGE3,-1.0233886,0.4435995,1.4273957,-0.8476063
ZNF138,-1.1072731,-0.5719618,1.559649,0.119586095
GMFB,-1.363953,-0.2791328,0.22494741,1.4181381
MAFG,-1.3517061,-0.21276921,0.109992474,1.4544834
RAD54B,-1.4717468,-0.35618138,0.7789923,1.0489364
ZNF165,-0.5692363,-0.05677213,1.6314889,-1.0054805
FITM2,-1.2993028,-0.49099976,0.41134375,1.3789591
ENTPD6,-0.9968263,-0.44109637,1.6618189,-0.22389619
NMB,-0.6996024,-0.20044035,1.6880323,-0.78798944
GPAA1,-1.2263013,1.3401177,0.5320708,-0.64588755
MRPL42,-1.6921818,0.3328204,0.45404935,0.90531206
ZNF335,-0.8389504,-1.148426,1.0286412,0.95873696
PRIM1,-1.4681718,-0.25907153,0.48568758,1.241556
ZNF544,-1.5883528,0.2691156,1.1765898,0.14264736
ZNF28,-0.8692681,0.079734124,-0.81484705,1.6043814
NCOA6,-1.2470487,-0.49630198,1.4543065,0.2890442
STK39,-0.64240444,-0.8488077,-0.1911401,1.6823517
IPO9,-1.4265493,-0.098126605,1.3920242,0.13265224
SMURF1,-0.7880622,-0.46371529,-0.46508634,1.7168638
APCDD1L,-0.27420184,-1.0007612,1.6647413,-0.3897781
TSEN15,-1.6957977,0.24684857,0.8069632,0.6419863
SREBF2,-1.3467982,-0.3660156,1.397379,0.31543478
CCDC167,-1.0477847,0.47446135,1.4075282,-0.8342051
CHML,-1.4236794,0.9257543,-0.45536402,0.95328903
CSNK2B,-1.2301016,-0.11453598,1.5582381,-0.21360077
SPIRE2,-1.0835754,-0.73242235,1.4739041,0.34209362
HMGN1,-0.67136633,0.6435671,1.2658386,-1.2380393
NUP62,-1.3317187,-0.5791141,0.7744316,1.1364013
TRIM59,-1.6147994,-0.048977874,0.886414,0.77736354
ZBTB9,-0.09862369,0.22299267,-1.4644709,1.3401017
TMX2,-1.6279105,0.44702742,1.0662733,0.11460986
LYRM4,-1.3194057,-0.33210307,1.4523067,0.19920178
FER1L6,-0.94338137,0.47427234,-0.94338137,1.4124905
SLC26A6,-1.5091016,0.8946933,0.9127566,-0.2983485
NOL7,-1.0212433,0.12840213,1.5738052,-0.6809642
TMEM185B,-0.75006,-0.27778697,1.7038834,-0.6760364
NME1,-1.5836656,0.11892001,1.18244,0.28230563
ADSL,-1.2109265,-0.2213659,1.5702314,-0.13793905
MTFP1,-1.2208927,1.4708993,-0.5216297,0.2716233
EFNA4,-1.4590433,0.10195113,1.364093,-0.0070007583
NME2,-0.6634612,-0.4531429,-0.6102608,1.7268648
ATP6V1E2,-1.1410289,1.2014762,0.76119256,-0.82164097
PRKDC,-1.324037,-0.22598204,0.0698221,1.4801971
MEX3A,-0.76981574,-0.3885239,1.7161741,-0.5578344
HMBS,-1.5594122,0.12255382,0.20807032,1.2287884
POLG2,-1.4188087,-0.46366253,0.9498785,0.93259287
ZHX1-C8orf76,-1.3703234,-0.32083604,0.30277744,1.3883817
