ensembl,symbol
ENSG00000001167,NFYA
ENSG00000004777,ARHGAP33
ENSG00000005156,LIG3
ENSG00000006453,BAIAP2L1
ENSG00000006704,GTF2IRD1
ENSG00000007866,TEAD3
ENSG00000007968,E2F2
ENSG00000008838,MED24
ENSG00000010244,ZNF207
ENSG00000010292,NCAPD2
ENSG00000011260,UTP18
ENSG00000011304,PTBP1
ENSG00000011478,QPCTL
ENSG00000012048,BRCA1
ENSG00000012660,ELOVL5
ENSG00000013275,PSMC4
ENSG00000013573,DDX11
ENSG00000015532,XYLT2
ENSG00000018699,TTC27
ENSG00000020256,ZFP64
ENSG00000021355,SERPINB1
ENSG00000028310,BRD9
ENSG00000033627,ATP6V0A1
ENSG00000035664,DAPK2
ENSG00000037897,METTL1
ENSG00000042286,AIFM2
ENSG00000044090,CUL7
ENSG00000047249,ATP6V1H
ENSG00000048544,MRPS10
ENSG00000049759,NEDD4L
ENSG00000049860,HEXB
ENSG00000054356,PTPRN
ENSG00000054690,PLEKHH1
ENSG00000057935,MTA3
ENSG00000059588,TARBP1
ENSG00000061656,SPAG4
ENSG00000064313,TAF2
ENSG00000066827,ZFAT
ENSG00000067704,IARS2
ENSG00000068097,HEATR6
ENSG00000068489,PRR11
ENSG00000069248,NUP133
ENSG00000069966,GNB5
ENSG00000070495,JMJD6
ENSG00000070718,AP3M2
ENSG00000070814,TCOF1
ENSG00000070950,RAD18
ENSG00000071626,DAZAP1
ENSG00000071794,HLTF
ENSG00000071859,FAM50A
ENSG00000073536,NLE1
ENSG00000073584,SMARCE1
ENSG00000074410,CA12
ENSG00000075218,GTSE1
ENSG00000076356,PLXNA2
ENSG00000076382,SPAG5
ENSG00000076554,TPD52
ENSG00000077152,UBE2T
ENSG00000077348,EXOSC5
ENSG00000077713,SLC25A43
ENSG00000078246,TULP3
ENSG00000078699,CBFA2T2
ENSG00000078900,TP73
ENSG00000079462,PAFAH1B3
ENSG00000080824,HSP90AA1
ENSG00000081923,ATP8B1
ENSG00000084628,NKAIN1
ENSG00000084693,AGBL5
ENSG00000084774,CAD
ENSG00000087152,ATXN7L3
ENSG00000088356,PDRG1
ENSG00000088826,SMOX
ENSG00000088876,ZNF343
ENSG00000088986,DYNLL1
ENSG00000089685,BIRC5
ENSG00000090372,STRN4
ENSG00000090447,TFAP4
ENSG00000090615,GOLGA3
ENSG00000091127,PUS7
ENSG00000091879,ANGPT2
ENSG00000091947,TMEM101
ENSG00000092871,RFFL
ENSG00000096063,SRPK1
ENSG00000096070,BRPF3
ENSG00000096080,MRPS18A
ENSG00000099219,ERMP1
ENSG00000099364,FBXL19
ENSG00000100023,PPIL2
ENSG00000100206,DMC1
ENSG00000100216,TOMM22
ENSG00000100253,MIOX
ENSG00000100297,MCM5
ENSG00000100311,PDGFB
ENSG00000100347,SAMM50
ENSG00000100985,MMP9
ENSG00000101079,NDRG3
ENSG00000101146,RAE1
ENSG00000101152,DNAJC5
ENSG00000101161,PRPF6
ENSG00000101236,RNF24
ENSG00000101255,TRIB3
ENSG00000101266,CSNK2A1
ENSG00000101294,HM13
ENSG00000101391,CDK5RAP1
ENSG00000101811,CSTF2
ENSG00000101868,POLA1
ENSG00000101882,NKAP
ENSG00000101945,SUV39H1
ENSG00000102144,PGK1
ENSG00000102178,UBL4A
ENSG00000102316,MAGED2
ENSG00000103591,AAGAB
ENSG00000103671,TRIP4
ENSG00000104375,STK3
ENSG00000104381,GDAP1
ENSG00000104419,NDRG1
ENSG00000104472,CHRAC1
ENSG00000104517,UBR5
ENSG00000104549,SQLE
ENSG00000104872,PIH1D1
ENSG00000104884,ERCC2
ENSG00000105171,POP4
ENSG00000105185,PDCD5
ENSG00000105186,ANKRD27
ENSG00000105220,GPI
ENSG00000105443,CYTH2
ENSG00000105447,GRWD1
ENSG00000105677,TMEM147
ENSG00000105723,GSK3A
ENSG00000105732,ZNF574
ENSG00000105778,AVL9
ENSG00000105865,DUS4L
ENSG00000105889,STEAP1B
ENSG00000105993,DNAJB6
ENSG00000106028,SSBP1
ENSG00000106052,TAX1BP1
ENSG00000106089,STX1A
ENSG00000106245,BUD31
ENSG00000106268,NUDT1
ENSG00000106636,YKT6
ENSG00000106701,FSD1L
ENSG00000107140,TESK1
ENSG00000108094,CUL2
ENSG00000108106,UBE2S
ENSG00000108262,GIT1
ENSG00000108469,RECQL5
ENSG00000108666,C17orf75
ENSG00000108688,CCL7
ENSG00000108828,VAT1
ENSG00000108829,LRRC59
ENSG00000108883,EFTUD2
ENSG00000108960,MMD
ENSG00000109065,NAT9
ENSG00000109854,HTATIP2
ENSG00000109881,CCDC34
ENSG00000110321,EIF4G2
ENSG00000110721,CHKA
ENSG00000111206,FOXM1
ENSG00000111247,RAD51AP1
ENSG00000111364,DDX55
ENSG00000111665,CDCA3
ENSG00000111696,NT5DC3
ENSG00000112039,FANCE
ENSG00000112130,RNF8
ENSG00000112242,E2F3
ENSG00000112303,VNN2
ENSG00000112578,BYSL
ENSG00000112877,CEP72
ENSG00000114026,OGG1
ENSG00000114268,PFKFB4
ENSG00000114354,TFG
ENSG00000114491,UMPS
ENSG00000114544,SLC41A3
ENSG00000114646,CSPG5
ENSG00000114767,RRP9
ENSG00000114956,DGUOK
ENSG00000115163,CENPA
ENSG00000115194,SLC30A3
ENSG00000115507,OTX1
ENSG00000115539,PDCL3
ENSG00000115761,NOL10
ENSG00000115816,CEBPZ
ENSG00000115902,SLC1A4
ENSG00000115946,PNO1
ENSG00000116128,BCL9
ENSG00000116273,PHF13
ENSG00000116580,GON4L
ENSG00000116698,SMG7
ENSG00000116906,GNPAT
ENSG00000116918,TSNAX
ENSG00000116991,SIPA1L2
ENSG00000117362,APH1A
ENSG00000117650,NEK2
ENSG00000118193,KIF14
ENSG00000118197,DDX59
ENSG00000118557,PMFBP1
ENSG00000118785,SPP1
ENSG00000119227,PIGZ
ENSG00000119280,C1orf198
ENSG00000119285,HEATR1
ENSG00000119401,TRIM32
ENSG00000119599,DCAF4
ENSG00000119640,ACYP1
ENSG00000119771,KLHL29
ENSG00000119919,NKX2-3
ENSG00000120254,MTHFD1L
ENSG00000120526,NUDCD1
ENSG00000120533,ENY2
ENSG00000120727,PAIP2
ENSG00000121058,COIL
ENSG00000121454,LHX4
ENSG00000121578,B4GALT4
ENSG00000121621,KIF18A
ENSG00000121957,GPSM2
ENSG00000122565,CBX3
ENSG00000122778,KIAA1549
ENSG00000122779,TRIM24
ENSG00000122861,PLAU
ENSG00000122952,ZWINT
ENSG00000122965,RBM19
ENSG00000122966,CIT
ENSG00000122970,IFT81
ENSG00000123684,LPGAT1
ENSG00000123983,ACSL3
ENSG00000124228,DDX27
ENSG00000124562,SNRPC
ENSG00000124608,AARS2
ENSG00000124733,MEA1
ENSG00000124787,RPP40
ENSG00000124802,EEF1E1
ENSG00000124939,SCGB2A1
ENSG00000125249,RAP2A
ENSG00000125447,GGA3
ENSG00000125633,CCDC93
ENSG00000125821,DTD1
ENSG00000125826,RBCK1
ENSG00000125835,SNRPB
ENSG00000125875,TBC1D20
ENSG00000125877,ITPA
ENSG00000125895,TMEM74B
ENSG00000125970,RALY
ENSG00000125971,DYNLRB1
ENSG00000125977,EIF2S2
ENSG00000126001,CEP250
ENSG00000126062,TMEM115
ENSG00000126215,XRCC3
ENSG00000126261,UBA2
ENSG00000126457,PRMT1
ENSG00000126562,WNK4
ENSG00000127191,TRAF2
ENSG00000127564,PKMYT1
ENSG00000127990,SGCE
ENSG00000128408,RIBC2
ENSG00000128563,PRKRIP1
ENSG00000128564,VGF
ENSG00000128645,HOXD1
ENSG00000128709,HOXD9
ENSG00000128917,DLL4
ENSG00000129173,E2F8
ENSG00000129351,ILF3
ENSG00000130305,NSUN5
ENSG00000130559,CAMSAP1
ENSG00000130726,TRIM28
ENSG00000130821,SLC6A8
ENSG00000130822,PNCK
ENSG00000130827,PLXNA3
ENSG00000131061,ZNF341
ENSG00000131462,TUBG1
ENSG00000131747,TOP2A
ENSG00000131788,PIAS3
ENSG00000131941,RHPN2
ENSG00000132170,PPARG
ENSG00000132341,RAN
ENSG00000132478,UNK
ENSG00000132661,NXT1
ENSG00000132664,POLR3F
ENSG00000132694,ARHGEF11
ENSG00000132842,AP3B1
ENSG00000133019,CHRM3
ENSG00000133884,DPF2
ENSG00000133895,MEN1
ENSG00000134057,CCNB1
ENSG00000134058,CDK7
ENSG00000134108,ARL8B
ENSG00000135245,HILPDA
ENSG00000135324,MRAP2
ENSG00000135372,NAT10
ENSG00000135392,DNAJC14
ENSG00000135451,TROAP
ENSG00000135476,ESPL1
ENSG00000135624,CCT7
ENSG00000135632,SMYD5
ENSG00000135763,URB2
ENSG00000135775,COG2
ENSG00000135778,NTPCR
ENSG00000135845,PIGC
ENSG00000136504,KAT7
ENSG00000136816,TOR1B
ENSG00000136870,ZNF189
ENSG00000137073,UBAP2
ENSG00000137221,TJAP1
ENSG00000137409,MTCH1
ENSG00000138035,PNPT1
ENSG00000138036,DYNC2LI1
ENSG00000138092,CENPO
ENSG00000138160,KIF11
ENSG00000138190,EXOC6
ENSG00000138193,PLCE1
ENSG00000138382,METTL5
ENSG00000139168,ZCRB1
ENSG00000139343,SNRPF
ENSG00000139734,DIAPH3
ENSG00000140367,UBE2Q2
ENSG00000140497,SCAMP2
ENSG00000141551,CSNK1D
ENSG00000141564,RPTOR
ENSG00000141568,FOXK2
ENSG00000141741,MIEN1
ENSG00000142039,CCDC97
ENSG00000142230,SAE1
ENSG00000142528,ZNF473
ENSG00000142544,CTU1
ENSG00000143126,CELSR2
ENSG00000143153,ATP1B1
ENSG00000143157,POGK
ENSG00000143256,PFDN2
ENSG00000143294,PRCC
ENSG00000143314,MRPL24
ENSG00000143319,ISG20L2
ENSG00000143321,HDGF
ENSG00000143367,TUFT1
ENSG00000143373,ZNF687
ENSG00000143379,SETDB1
ENSG00000143398,PIP5K1A
ENSG00000143420,ENSA
ENSG00000143493,INTS7
ENSG00000143498,TAF1A
ENSG00000143514,TP53BP2
ENSG00000143545,RAB13
ENSG00000143553,SNAPIN
ENSG00000143569,UBAP2L
ENSG00000143578,CREB3L4
ENSG00000143590,EFNA3
ENSG00000143595,AQP10
ENSG00000143643,TTC13
ENSG00000143740,SNAP47
ENSG00000143793,C1orf35
ENSG00000143799,PARP1
ENSG00000143811,PYCR2
ENSG00000143815,LBR
ENSG00000143842,SOX13
ENSG00000143847,PPFIA4
ENSG00000143924,EML4
ENSG00000144028,SNRNP200
ENSG00000144045,DQX1
ENSG00000144554,FANCD2
ENSG00000144867,SRPRB
ENSG00000145107,TM4SF19
ENSG00000145293,ENOPH1
ENSG00000145996,CDKAL1
ENSG00000146109,ABT1
ENSG00000146143,PRIM2
ENSG00000146842,TMEM209
ENSG00000146909,NOM1
ENSG00000147140,NONO
ENSG00000147257,GPC3
ENSG00000147509,RGS20
ENSG00000147614,ATP6V0D2
ENSG00000147684,NDUFB9
ENSG00000147697,GSDMC
ENSG00000147799,ARHGAP39
ENSG00000148498,PARD3
ENSG00000148840,PPRC1
ENSG00000148843,PDCD11
ENSG00000148925,BTBD10
ENSG00000149089,APIP
ENSG00000149100,EIF3M
ENSG00000149257,SERPINH1
ENSG00000149658,YTHDF1
ENSG00000149792,MRPL49
ENSG00000149925,ALDOA
ENSG00000150990,DHX37
ENSG00000151692,RNF144A
ENSG00000151929,BAG3
ENSG00000152056,AP1S3
ENSG00000152102,FAM168B
ENSG00000152464,RPP38
ENSG00000152904,GGPS1
ENSG00000153046,CDYL
ENSG00000153187,HNRNPU
ENSG00000153317,ASAP1
ENSG00000154370,TRIM11
ENSG00000154380,ENAH
ENSG00000154845,PPP4R1
ENSG00000154920,EME1
ENSG00000154945,ANKRD40
ENSG00000155034,FBXL18
ENSG00000155096,AZIN1
ENSG00000155636,RBM45
ENSG00000156467,UQCRB
ENSG00000156509,FBXO43
ENSG00000156639,ZFAND3
ENSG00000156831,NSMCE2
ENSG00000157470,FAM81A
ENSG00000157593,SLC35B2
ENSG00000157778,PSMG3
ENSG00000157985,AGAP1
ENSG00000158158,CNNM4
ENSG00000158201,ABHD3
ENSG00000158270,COLEC12
ENSG00000158716,DUSP23
ENSG00000158773,USF1
ENSG00000158796,DEDD
ENSG00000159063,ALG8
ENSG00000159111,MRPL10
ENSG00000159167,STC1
ENSG00000159259,CHAF1B
ENSG00000159409,CELF3
ENSG00000160051,IQCC
ENSG00000160193,WDR4
ENSG00000160207,HSF2BP
ENSG00000160213,CSTB
ENSG00000160224,AIRE
ENSG00000160447,PKN3
ENSG00000160602,NEK8
ENSG00000160606,TLCD1
ENSG00000160679,CHTOP
ENSG00000160688,FLAD1
ENSG00000160691,SHC1
ENSG00000160741,CRTC2
ENSG00000160803,UBQLN4
ENSG00000160818,GPATCH4
ENSG00000160917,CPSF4
ENSG00000161179,YDJC
ENSG00000161202,DVL3
ENSG00000161381,PLXDC1
ENSG00000161647,MPP3
ENSG00000161664,ASB16
ENSG00000161692,DBF4B
ENSG00000161800,RACGAP1
ENSG00000161888,SPC24
ENSG00000161904,LEMD2
ENSG00000162300,ZFPL1
ENSG00000162409,PRKAA2
ENSG00000162415,ZSWIM5
ENSG00000162650,ATXN7L2
ENSG00000162961,DPY30
ENSG00000163017,ACTG2
ENSG00000163132,MSX1
ENSG00000163155,LYSMD1
ENSG00000163156,SCNM1
ENSG00000163161,ERCC3
ENSG00000163214,DHX57
ENSG00000163357,DCST1
ENSG00000163374,YY1AP1
ENSG00000163435,ELF3
ENSG00000163463,KRTCAP2
ENSG00000163472,TMEM79
ENSG00000163479,SSR2
ENSG00000163577,EIF5A2
ENSG00000163634,THOC7
ENSG00000163638,ADAMTS9
ENSG00000163673,DCLK3
ENSG00000163808,KIF15
ENSG00000163811,WDR43
ENSG00000163882,POLR2H
ENSG00000164087,POC1A
ENSG00000164181,ELOVL7
ENSG00000164283,ESM1
ENSG00000164296,TIGD6
ENSG00000164338,UTP15
ENSG00000164366,CCDC127
ENSG00000164638,SLC29A4
ENSG00000164649,CDCA7L
ENSG00000164758,MED30
ENSG00000164823,OSGIN2
ENSG00000164828,SUN1
ENSG00000164920,OSR2
ENSG00000164924,YWHAZ
ENSG00000164934,DCAF13
ENSG00000164941,INTS8
ENSG00000165055,METTL2B
ENSG00000165175,MID1IP1
ENSG00000165480,SKA3
ENSG00000165556,CDX2
ENSG00000165637,VDAC2
ENSG00000165724,ZMYND19
ENSG00000165891,E2F7
ENSG00000166166,TRMT61A
ENSG00000166263,STXBP4
ENSG00000166452,AKIP1
ENSG00000166477,LEO1
ENSG00000166788,SAAL1
ENSG00000166863,TAC3
ENSG00000166866,MYO1A
ENSG00000166949,SMAD3
ENSG00000167157,PRRX2
ENSG00000167325,RRM1
ENSG00000167447,SMG8
ENSG00000167508,MVD
ENSG00000167612,ANKRD33
ENSG00000167619,TMEM145
ENSG00000167625,ZNF526
ENSG00000167635,ZNF146
ENSG00000167670,CHAF1A
ENSG00000167881,SRP68
ENSG00000167904,TMEM68
ENSG00000167986,DDB1
ENSG00000167996,FTH1
ENSG00000168078,PBK
ENSG00000168256,NKIRAS2
ENSG00000168393,DTYMK
ENSG00000168569,TMEM223
ENSG00000168958,MFF
ENSG00000169223,LMAN2
ENSG00000169241,SLC50A1
ENSG00000169258,GPRIN1
ENSG00000170166,HOXD4
ENSG00000170191,NANP
ENSG00000170265,ZNF282
ENSG00000170312,CDK1
ENSG00000170545,SMAGP
ENSG00000170577,SIX2
ENSG00000171121,KCNMB3
ENSG00000171163,ZNF692
ENSG00000171241,SHCBP1
ENSG00000171388,APLN
ENSG00000171462,DLK2
ENSG00000171475,WIPF2
ENSG00000171873,ADRA1D
ENSG00000172113,NME6
ENSG00000172172,MRPL13
ENSG00000172239,PAIP1
ENSG00000172244,C5orf34
ENSG00000172432,GTPBP2
ENSG00000172531,PPP1CA
ENSG00000172534,HCFC1
ENSG00000173110,HSPA6
ENSG00000173456,RNF26
ENSG00000173473,SMARCC1
ENSG00000173702,MUC13
ENSG00000173726,TOMM20
ENSG00000173825,TIGD3
ENSG00000174233,ADCY6
ENSG00000174371,EXO1
ENSG00000174498,IGDCC3
ENSG00000174697,LEP
ENSG00000174744,BRMS1
ENSG00000174996,KLC2
ENSG00000175193,PARL
ENSG00000175467,SART1
ENSG00000175505,CLCF1
ENSG00000175606,TMEM70
ENSG00000175782,SLC35E3
ENSG00000175832,ETV4
ENSG00000175879,HOXD8
ENSG00000175970,UNC119B
ENSG00000176046,NUPR1
ENSG00000176208,ATAD5
ENSG00000176407,KCMF1
ENSG00000176444,CLK2
ENSG00000176619,LMNB2
ENSG00000176834,VSIG10
ENSG00000176853,FAM91A1
ENSG00000177045,SIX5
ENSG00000177051,FBXO46
ENSG00000177239,MAN1B1
ENSG00000177479,ARIH2
ENSG00000177732,SOX12
ENSG00000177842,ZNF620
ENSG00000178381,ZFAND2A
ENSG00000178896,EXOSC4
ENSG00000178999,AURKB
ENSG00000179041,RRS1
ENSG00000179091,CYC1
ENSG00000179284,DAND5
ENSG00000179546,HTR1D
ENSG00000179750,APOBEC3B
ENSG00000180423,HARBI1
ENSG00000181038,METTL23
ENSG00000181163,NPM1
ENSG00000181191,PJA1
ENSG00000181638,ZFP41
ENSG00000181929,PRKAG1
ENSG00000182095,TNRC18
ENSG00000182134,TDRKH
ENSG00000182307,C8orf33
ENSG00000182621,PLCB1
ENSG00000182759,MAFA
ENSG00000182827,ACBD3
ENSG00000183161,FANCF
ENSG00000183395,PMCH
ENSG00000183647,ZNF530
ENSG00000183723,CMTM4
ENSG00000183773,AIFM3
ENSG00000184162,NR2C2AP
ENSG00000184216,IRAK1
ENSG00000184445,KNTC1
ENSG00000185238,PRMT3
ENSG00000185842,DNAH14
ENSG00000186185,KIF18B
ENSG00000186314,PRELID2
ENSG00000186326,RGS9BP
ENSG00000186871,ERCC6L
ENSG00000187231,SESTD1
ENSG00000188372,ZP3
ENSG00000188566,NDOR1
ENSG00000188706,ZDHHC9
ENSG00000188827,SLX4
ENSG00000189057,FAM111B
ENSG00000189114,BLOC1S3
ENSG00000196417,ZNF765
ENSG00000196460,RFX8
ENSG00000196465,MYL6B
ENSG00000196476,C20orf96
ENSG00000196611,MMP1
ENSG00000196655,TRAPPC4
ENSG00000196976,LAGE3
ENSG00000197008,ZNF138
ENSG00000197045,GMFB
ENSG00000197063,MAFG
ENSG00000197275,RAD54B
ENSG00000197279,ZNF165
ENSG00000197296,FITM2
ENSG00000197586,ENTPD6
ENSG00000197696,NMB
ENSG00000197858,GPAA1
ENSG00000198015,MRPL42
ENSG00000198026,ZNF335
ENSG00000198056,PRIM1
ENSG00000198131,ZNF544
ENSG00000198538,ZNF28
ENSG00000198646,NCOA6
ENSG00000198648,STK39
ENSG00000198700,IPO9
ENSG00000198742,SMURF1
ENSG00000198768,APCDD1L
ENSG00000198860,TSEN15
ENSG00000198911,SREBF2
ENSG00000198937,CCDC167
ENSG00000203668,CHML
ENSG00000204435,CSNK2B
ENSG00000204991,SPIRE2
ENSG00000205581,HMGN1
ENSG00000213024,NUP62
ENSG00000213186,TRIM59
ENSG00000213588,ZBTB9
ENSG00000213593,TMX2
ENSG00000214113,LYRM4
ENSG00000214814,FER1L6
ENSG00000225697,SLC26A6
ENSG00000225921,NOL7
ENSG00000226479,TMEM185B
ENSG00000228727,SAPCD1
ENSG00000239672,NME1
ENSG00000239900,ADSL
ENSG00000242114,MTFP1
ENSG00000243364,EFNA4
ENSG00000243678,NME2
ENSG00000250565,ATP6V1E2
ENSG00000253729,PRKDC
ENSG00000254726,MEX3A
ENSG00000256269,HMBS
ENSG00000256525,POLG2
ENSG00000259305,ZHX1-C8orf76
